path_no,x(m),y(m)
18,-10.1854559403597,28.4418532534946
19,-10.1854532901383,28.4418523464636
20,-10.1854506396759,28.4418514393436
21,-10.1854479889729,28.441850532135
22,-10.1854453380322,28.4418496248386
23,-10.1854426868514,28.4418487174537
24,-10.1854400354305,28.4418478099804
25,-10.1854373837693,28.4418469024186
26,-10.185434731868,28.4418459947684
27,-10.1854320797265,28.4418450870297
28,-10.1854294273447,28.4418441792027
29,-10.1854267747216,28.4418432712868
30,-10.185424121855,28.4418423632816
31,-10.1854214687471,28.4418414551878
32,-10.1854188153978,28.4418405470053
33,-10.1854161618072,28.4418396387342
34,-10.1854135079751,28.4418387303745
35,-10.1854108539017,28.4418378219262
36,-10.1854081995869,28.4418369133893
37,-10.1854055450306,28.4418360047638
38,-10.1854028902325,28.4418350960497
39,-10.1854002351928,28.4418341872469
40,-10.1853975799115,28.4418332783556
41,-10.1853949243887,28.4418323693757
42,-10.1853922686241,28.4418314603072
43,-10.185389612618,28.4418305511502
44,-10.1853869563702,28.4418296419047
45,-10.1853842998807,28.4418287325706
46,-10.1853816431496,28.441827823148
47,-10.1853789861767,28.441826913637
48,-10.1853763289642,28.4418260040389
49,-10.1853736715136,28.4418250943592
50,-10.1853710138216,28.4418241845977
51,-10.185368355888,28.4418232747544
52,-10.1853656977128,28.4418223648293
53,-10.185363039296,28.4418214548225
54,-10.185360380637,28.4418205447336
55,-10.1853577217351,28.4418196345625
56,-10.1853550625893,28.4418187243089
57,-10.1853524032009,28.4418178139732
58,-10.18534974357,28.4418169035555
59,-10.1853470836964,28.4418159930556
60,-10.1853444235803,28.4418150824737
61,-10.1853417632215,28.4418141718098
62,-10.18533910262,28.4418132610638
63,-10.1853364417759,28.4418123502358
64,-10.1853337806891,28.4418114393257
65,-10.1853311193595,28.4418105283337
66,-10.1853284577872,28.4418096172596
67,-10.1853257959722,28.4418087061036
68,-10.1853231339162,28.4418077948669
69,-10.1853204716226,28.4418068835559
70,-10.1853178090869,28.4418059721701
71,-10.1853151463092,28.4418050607093
72,-10.1853124832899,28.441804149174
73,-10.1853098200296,28.4418032375643
74,-10.1853071565275,28.4418023258802
75,-10.1853044927836,28.4418014141214
76,-10.1853018287979,28.4418005022883
77,-10.1852991645703,28.4417995903806
78,-10.1852965001009,28.4417986783984
79,-10.1852938353897,28.4417977663418
80,-10.1852911704365,28.4417968542107
81,-10.1852885052415,28.4417959420052
82,-10.1852858398046,28.4417950297252
83,-10.1852831741257,28.4417941173709
84,-10.1852805082049,28.4417932049421
85,-10.1852778420421,28.4417922924389
86,-10.1852751756374,28.4417913798614
87,-10.1852725089906,28.4417904672095
88,-10.1852698421019,28.4417895544832
89,-10.1852671749712,28.4417886416826
90,-10.1852645075984,28.4417877288076
91,-10.1852618399835,28.4417868158583
92,-10.1852591721266,28.4417859028347
93,-10.1852565040276,28.4417849897368
94,-10.1852538356865,28.4417840765646
95,-10.1852511671033,28.4417831633181
96,-10.185248498278,28.4417822499973
97,-10.1852458292105,28.4417813366023
98,-10.1852431599009,28.4417804231331
99,-10.185240490346,28.4417795095886
100,-10.1852378205474,28.4417785959693
101,-10.1852351505055,28.4417776822756
102,-10.1852324802204,28.4417767685073
103,-10.185229809692,28.4417758546645
104,-10.1852271389204,28.4417749407472
105,-10.1852244679055,28.4417740267554
106,-10.1852217966474,28.4417731126891
107,-10.1852191251459,28.4417721985484
108,-10.1852164534011,28.4417712843332
109,-10.1852137814128,28.4417703700435
110,-10.1852111091809,28.4417694556792
111,-10.1852084367055,28.4417685412403
112,-10.1852057639866,28.4417676267269
113,-10.1852030910242,28.4417667121389
114,-10.1852004178183,28.4417657974765
115,-10.1851977443689,28.4417648827395
116,-10.1851950706759,28.441763967928
117,-10.1851923967394,28.441763053042
118,-10.1851897225593,28.4417621380815
119,-10.1851870481365,28.4417612230473
120,-10.1851843734715,28.441760307943
121,-10.1851816985626,28.4417593927688
122,-10.1851790234097,28.4417584775248
123,-10.1851763480128,28.4417575622109
124,-10.185173672372,28.4417566468271
125,-10.1851709964873,28.4417557313735
126,-10.1851683203585,28.4417548158502
127,-10.1851656439857,28.441753900257
128,-10.1851629673689,28.441752984594
129,-10.1851602905081,28.4417520688613
130,-10.1851576134032,28.4417511530588
131,-10.1851549360542,28.4417502371865
132,-10.1851522584612,28.4417493212445
133,-10.185149580624,28.4417484052328
134,-10.1851469025428,28.4417474891513
135,-10.1851442242174,28.4417465730001
136,-10.1851415456478,28.4417456567793
137,-10.1851388668342,28.4417447404887
138,-10.1851361877763,28.4417438241285
139,-10.1851335084742,28.4417429076986
140,-10.185130828928,28.4417419911991
141,-10.18512814914,28.4417410746323
142,-10.1851254691094,28.4417401580012
143,-10.1851227888348,28.4417392413056
144,-10.1851201083161,28.4417383245453
145,-10.1851174275534,28.4417374077205
146,-10.1851147465466,28.4417364908312
147,-10.1851120652958,28.4417355738773
148,-10.1851093838009,28.4417346568588
149,-10.1851067020619,28.4417337397759
150,-10.1851040200787,28.4417328226284
151,-10.1851013378515,28.4417319054164
152,-10.1850986553801,28.4417309881399
153,-10.1850959726645,28.441730070799
154,-10.1850932897048,28.4417291533936
155,-10.1850906065009,28.4417282359237
156,-10.1850879230528,28.4417273183894
157,-10.1850852393605,28.4417264007907
158,-10.185082555424,28.4417254831275
159,-10.1850798712432,28.4417245653999
160,-10.1850771868181,28.4417236476079
161,-10.1850745021488,28.4417227297515
162,-10.1850718172352,28.4417218118308
163,-10.1850691320774,28.4417208938457
164,-10.1850664466753,28.4417199757963
165,-10.1850637610288,28.4417190576826
166,-10.185061075138,28.4417181395047
167,-10.1850583890029,28.4417172212624
168,-10.1850557026234,28.4417163029558
169,-10.1850530159995,28.4417153845849
170,-10.1850503291277,28.4417144661487
171,-10.1850476420104,28.4417135476478
172,-10.1850449546476,28.4417126290824
173,-10.1850422670395,28.4417117104524
174,-10.1850295557396,28.4394412355929
175,-10.1849805059734,28.4286956477404
176,-10.1848938257069,28.4103416907895
177,-10.1847869926834,28.3888619404933
178,-10.1846328104189,28.3642667779053
179,-10.1844753210356,28.3382477959998
180,-10.1843542759918,28.3121444044248
181,-10.1842569082816,28.286176722881
182,-10.1841710013658,28.2602473522807
183,-10.1841226994179,28.2342256024048
184,-10.1841038583206,28.2081280443865
185,-10.1840846003241,28.1821701829566
186,-10.1840591966286,28.1562468250103
187,-10.1840330097735,28.1302303964282
188,-10.1840105943702,28.1041357655341
189,-10.1839859449913,28.0781805044071
190,-10.1839548997754,28.0522561534582
191,-10.1839230590422,28.0262387094802
192,-10.1838952117789,28.0001440292576
193,-10.18386424555,27.9741914134385
194,-10.1838271118423,27.9482658539986
195,-10.1837892610453,27.9222471143136
196,-10.1837333729011,27.8961664601723
197,-10.1835785279664,27.8702402898125
198,-10.1833226260367,27.8443417890914
199,-10.1829882824753,27.8183381074755
200,-10.182591481352,27.7922586528504
201,-10.1821220544286,27.7663119040061
202,-10.1815453881516,27.7404373303181
203,-10.1808530752296,27.7152704433231
204,-10.1800581795067,27.6897989106638
205,-10.1791326936986,27.6639256055758
206,-10.1780743959026,27.6380625913878
207,-10.1769061567526,27.6120918625312
208,-10.1756726990593,27.5860450880271
209,-10.1743827254574,27.560141006209
210,-10.1730454329536,27.5342605333722
211,-10.1716711356331,27.5082834088028
212,-10.1702923849104,27.4822334876583
213,-10.1689199907602,27.4563222544602
214,-10.1675633052069,27.4304251048764
215,-10.1662213809269,27.4044364180475
216,-10.1649090009132,27.3783686993097
217,-10.1636380949252,27.3524456400778
218,-10.1624052610201,27.3265396683955
219,-10.1611867960889,27.3005447757716
220,-10.1599940951322,27.2744700471657
221,-10.1588409974219,27.2485396257371
222,-10.1577326088567,27.2226237717534
223,-10.1566748565409,27.1966126124063
224,-10.1556669897476,27.1705253395252
225,-10.1546969032959,27.1445798238813
226,-10.1537509503782,27.1186633221581
227,-10.1528251299624,27.0926479739161
228,-10.1519484071733,27.0665547489788
229,-10.151109082443,27.0406075283649
230,-10.1503032198171,27.014681776447
231,-10.1495457502743,26.9886574889348
232,-10.1488485000056,26.9625486761465
233,-10.1482252963516,26.9365917308022
234,-10.1476650518895,26.910655946101
1360,-10.1957666564447,-2.00239969148899
1361,-10.1958963536079,-2.02849149683228
1362,-10.1960255181009,-2.054424759733
1363,-10.1961565405864,-2.08036050531142
1364,-10.1962852527131,-2.10638589634015
1365,-10.1964021681886,-2.13247215775202
1366,-10.1965014366061,-2.15840457205979
1367,-10.196603468933,-2.18434191316909
1368,-10.1967356001123,-2.21039168678849
1369,-10.1969796725813,-2.23652059025968
1370,-10.1973129195295,-2.26248104922158
1371,-10.197730384514,-2.28843025841104
1372,-10.1982268973353,-2.31447373285956
1373,-10.1988016773922,-2.34057838840706
1374,-10.1994262970478,-2.3665015622833
1375,-10.2001076018265,-2.39243714882228
1376,-10.2008415986004,-2.4184729617365
1377,-10.2016527642387,-2.44457015321131
1378,-10.2025142614527,-2.47047717216681
1379,-10.2034674481374,-2.49642453413745
1380,-10.2045857909583,-2.52247872492128
1381,-10.2058667801336,-2.54857594250952
1382,-10.2072684132324,-2.57443549170611
1383,-10.2088093851747,-2.60036736403432
1384,-10.2105537296641,-2.62639280525053
1385,-10.2124646095191,-2.65243239204657
1386,-10.2145004642686,-2.67828380035229
1387,-10.2167291425477,-2.70419193658843
1388,-10.2192383868396,-2.73018078686775
1389,-10.2219820449967,-2.75614001872798
1390,-10.2249370368203,-2.78198470474079
1391,-10.2281484632415,-2.80777078297913
1392,-10.2316240855485,-2.83365099536415
1393,-10.2353605267197,-2.85948768728484
1394,-10.2393064039909,-2.88524172399114
1395,-10.2433493815635,-2.91012362368863
1396,-10.247692493357,-2.93535385634974
1397,-10.2522744600929,-2.96034055763152
1398,-10.2571341604082,-2.98535121428834
1399,-10.2620786664801,-3.01013429970521
1400,-10.2671399366081,-3.03465929891497
1401,-10.2724674127016,-3.05928311513649
1402,-10.2780206802863,-3.08373859290869
1403,-10.2836488923802,-3.10774853713916
1404,-10.287854358783,-3.12715464694908
1405,-10.2905007029352,-3.14198542195193
1406,-10.2919404937924,-3.15235557662812
1407,-10.2925520102106,-3.15836021499526
1408,-10.2927700191441,-3.16131014581327
1409,-10.2928008112758,-3.16177517315451
1410,-10.2928025944959,-3.16179234869741
1411,-10.2928044507246,-3.16180982623335
1412,-10.2928063424472,-3.16182746686708
1413,-10.2928082651141,-3.16184524583366
1414,-10.2928629460952,-3.16279363364107
1415,-10.2930870180846,-3.1668720532853
1416,-10.2933981715992,-3.17494974716146
1417,-10.293459759272,-3.19008562594791
1418,-10.292952121271,-3.21179684555005
1419,-10.2921770523257,-3.23616781731502
1420,-10.2909526080122,-3.26123611621323
1421,-10.2892341722686,-3.28636138631484
1422,-10.2869333961246,-3.31190584828892
1423,-10.2840334945798,-3.3375556330822
1424,-10.2805547022342,-3.36321439419054
1425,-10.2765415194394,-3.38868127203439
1426,-10.2720309266545,-3.41401194487684
1427,-10.2669699411987,-3.43934634181838
1428,-10.2613973167286,-3.46469367098826
1429,-10.25542697829,-3.48988281843406
1430,-10.2490279649372,-3.51483316464255
1431,-10.2426208747867,-3.53811103087509
1432,-10.2355581422507,-3.56234197667724
1433,-10.2279731617207,-3.58651674346926
1434,-10.2201078385729,-3.60988392764626
1435,-10.2114389241419,-3.63421054707548
1436,-10.2025503440329,-3.65774916374645
1437,-10.1932137678592,-3.68122813058756
1438,-10.1833101434627,-3.70510590433056
1439,-10.1730074363357,-3.72880448775863
1440,-10.1622971670862,-3.75236162364767
1441,-10.15158172241,-3.77482829261421
1442,-10.140243402452,-3.79748986809541
1443,-10.1282586663879,-3.82030661636616
1444,-10.1161557949731,-3.84229928133871
1445,-10.103568544943,-3.86417544035356
1446,-10.0902956663221,-3.88646534964382
1447,-10.0767064971987,-3.90855211970481
1448,-10.0628250512032,-3.93030437537333
1449,-10.0486141624678,-3.95190564259967
1450,-10.0340738357959,-3.97340278996837
1451,-10.0195916035702,-3.99417604467354
1452,-10.0052977145884,-4.014041503515
1453,-9.99030988625419,-4.0343629651428
1454,-9.97524284564805,-4.05427669294607
1455,-9.95977670513847,-4.07422769605653
1456,-9.94376433608544,-4.09434284976844
1457,-9.92742921471718,-4.11435655995758
1458,-9.91075470052102,-4.13424611442678
1459,-9.89386554392957,-4.15399064971226
1460,-9.87684210990716,-4.17352353230107
1461,-9.85962911436844,-4.19282041164163
1462,-9.84293156848391,-4.21118443337684
1463,-9.82594306835325,-4.22955593112245
1464,-9.80824566259125,-4.24847618870394
1465,-9.79097811937949,-4.26671905450617
1466,-9.77338866150804,-4.28505222172377
1467,-9.75577128454679,-4.30310118908194
1468,-9.73791821722476,-4.32109768668184
1469,-9.71954938568897,-4.33933152524022
1470,-9.70159459216263,-4.35692434827129
1471,-9.68358499814075,-4.37439148391865
1472,-9.66555532643125,-4.39175000558173
1473,-9.64735720603559,-4.40896877482278
1474,-9.62878085123655,-4.42610638656471
1475,-9.60971048954537,-4.44345351486786
1476,-9.59039796392367,-4.46081576892151
1477,-9.57141087200996,-4.477721985473
1478,-9.55241126436785,-4.49448889769939
1479,-9.53352946601187,-4.51083817445645
1480,-9.51561904828026,-4.52606566642978
1481,-9.49716941443212,-4.54151780986729
1482,-9.47815220904911,-4.55715182096215
1483,-9.46039191950213,-4.57150649095898
1484,-9.44773264510568,-4.58122725503653
1485,-9.44121106773267,-4.5858275641793
1486,-9.43894402468669,-4.58730717153737
1487,-9.43894945902022,-4.58730204940822
1488,-9.43897151850076,-4.587285818508
1489,-9.43899344956298,-4.58726962544886
1490,-9.43901529156479,-4.58725345204965
1491,-9.439037071259,-4.58723728816266
1492,-9.43905880907257,-4.5872211260241
1493,-9.43908051468108,-4.58720496396743
1494,-9.43756411646947,-4.58817656221489
1495,-9.43009074391546,-4.59309946497361
1496,-9.41883258905416,-4.60068978055674
1497,-9.40631993220411,-4.60883615344643
1498,-9.39193727848419,-4.61767998178133
1499,-9.37537682309899,-4.62723452836411
1500,-9.35606250876825,-4.63782450043399
1501,-9.33495258990175,-4.6485369547572
1502,-9.31262892434402,-4.65898012896448
1503,-9.28904361030235,-4.66894475607271
1504,-9.26507367045351,-4.67795771887706
1505,-9.2407823516583,-4.68603469183766
1506,-9.21615491203593,-4.69326472778562
1507,-9.19119120069742,-4.69970957264996
1508,-9.16599034869811,-4.70536651970546
1509,-9.14083144649019,-4.7102073424412
1510,-9.11544314787291,-4.71436351636435
1511,-9.08982846708354,-4.71787551151679
1512,-9.06412641814468,-4.72078442488237
1513,-9.03872034227419,-4.723120026066
1514,-9.01306422083462,-4.72483177108543
1515,-8.98813423312328,-4.72579479559719
1516,-8.96304124343922,-4.72608315018699
1517,-8.93717028215557,-4.72582593145082
1518,-8.91132736527011,-4.72505817360967
1519,-8.88557197981662,-4.7238170694392
1520,-8.8597722092335,-4.72219453938736
1521,-8.83388322165734,-4.72024136722454
1522,-8.80839705057377,-4.71801697217773
1523,-8.78342675661983,-4.71557151307711
1524,-8.75887030010476,-4.7129903216955
1525,-8.73422007889891,-4.7101998535945
1526,-8.70835764292963,-4.70711680548738
1527,-8.68264860816299,-4.70394155469718
1528,-8.6569163815002,-4.70070579626956
1529,-8.6310899656376,-4.69741825591905
1530,-8.60524397466678,-4.69406039554458
1531,-8.5796413304572,-4.69047905703633
1532,-8.55520721913357,-4.68683561572685
1533,-8.53001135418336,-4.68286617447204
1534,-8.50509792060349,-4.67881935190619
1535,-8.48078957785627,-4.67474328765738
1536,-8.45527138462429,-4.67035243096517
1537,-8.42961304952185,-4.66594310720879
1538,-8.40388179251398,-4.661561223838
1539,-8.37831940515464,-4.65721900060385
1540,-8.35274080443316,-4.65288998794828
1541,-8.32706209600878,-4.64858092506237
1542,-8.30130348500853,-4.64430965995748
1543,-8.27570363600687,-4.64011319610443
1544,-8.25008620731394,-4.63597141770842
1545,-8.22435776161911,-4.63188757930791
1546,-8.19854589742441,-4.62788248209585
1547,-8.17288388135677,-4.62398382869083
1548,-8.14721177093605,-4.62017354530139
1549,-8.12142957087993,-4.61642190181823
1550,-8.09557443944481,-4.61275569453485
1551,-8.06990962963574,-4.60917617358877
1552,-8.04420915460162,-4.60562019511857
1553,-8.01840932947768,-4.60207625955495
1554,-7.99255339886053,-4.59857438689855
1555,-7.96684272766226,-4.59511668838043
1556,-7.94110773659206,-4.59172635828075
1557,-7.91525169603107,-4.58841783194954
1558,-7.88934478871933,-4.5852260943293
1559,-7.86358682753867,-4.58214379189374
1560,-7.83779497667716,-4.57916519075322
1561,-7.81188517112804,-4.57629020066909
1562,-7.78595149824947,-4.57353917445963
1563,-7.76010013733937,-4.57091274640618
1564,-7.73423983603805,-4.56843067283951
1565,-7.70826888131147,-4.56608596330679
1566,-7.68231891701756,-4.5638743616058
1567,-7.65641886815298,-4.56176992874509
1568,-7.63052524106223,-4.55977425664346
1569,-7.60453102991433,-4.55787314089229
1570,-7.57858184732687,-4.55607554384985
1571,-7.55264220761065,-4.55436447074122
1572,-7.52671662736447,-4.55274395601358
1573,-7.5006926610839,-4.55123613130833
1574,-7.47472229976384,-4.54983266115329
1575,-7.4487542632145,-4.54850745841518
1576,-7.42280421237483,-4.5472734233292
1577,-7.39677117825688,-4.54614431741975
1578,-7.37083701435576,-4.54508653252567
1579,-7.34485620889253,-4.5440896201606
1776,-2.5449013728053,-4.78793590169339
1777,-2.51932011811046,-4.78504126410985
1778,-2.49464083329231,-4.78155789089292
1779,-2.46982323777579,-4.77735432223874
1780,-2.4445607399993,-4.77231903556457
1781,-2.41942984690094,-4.7666455994109
1782,-2.39430100306401,-4.76044850397121
1783,-2.36925782836142,-4.75376900173991
1784,-2.34506587453163,-4.74660744532462
1785,-2.32185199462559,-4.73904931925737
1786,-2.29788527428475,-4.73072150837345
1787,-2.27424987709971,-4.7220832726459
1788,-2.25048645007067,-4.71303732467938
1789,-2.22643524425586,-4.70364798975373
1790,-2.20238337193594,-4.69394070495504
1791,-2.17830257650391,-4.68399899172828
1792,-2.15439871846042,-4.67398804855477
1793,-2.13069974604336,-4.66392383717446
1794,-2.10813343109935,-4.65397457287638
1795,-2.08442590728409,-4.64338510728565
1796,-2.06058716137898,-4.6329451909083
1797,-2.03683061655582,-4.62275750116815
1798,-2.01291993654274,-4.61250435105324
1799,-1.98889023353696,-4.60228947493351
1800,-1.96490442336499,-4.59224230361447
1801,-1.94161317731538,-4.58264563189144
1802,-1.91792728657797,-4.57304413257766
1803,-1.89356830704094,-4.56345080375949
1804,-1.86924936542441,-4.55417765624294
1805,-1.84578259087134,-4.5454304284144
1806,-1.82230024499826,-4.53678371520579
1807,-1.79868793988396,-4.52820356911984
1808,-1.77518107641588,-4.51982891269799
1809,-1.75082754950314,-4.51131378274194
1810,-1.72620519825214,-4.50284625292152
1811,-1.70143067393614,-4.49453548375338
1812,-1.67669168314135,-4.48637326293438
1813,-1.65205940062449,-4.47832520833275
1814,-1.62734071479679,-4.47027453600082
1815,-1.60252294696056,-4.46222352946298
1816,-1.57811813268738,-4.45434824078205
1817,-1.55402159924354,-4.44661132980723
1818,-1.5301063976903,-4.43892545598828
1819,-1.50577578371147,-4.43107749428995
1820,-1.48141609273799,-4.42322915063988
1821,-1.4574249856454,-4.4154843134636
1822,-1.43385421299242,-4.40780585430755
1823,-1.41005028429867,-4.39998865182347
1824,-1.38532843896911,-4.39181847607599
1825,-1.36085562399231,-4.38352108666725
1826,-1.3363764069091,-4.37504933355364
1827,-1.31280302683767,-4.36667965570253
1828,-1.28945079474778,-4.35825327810254
1829,-1.26560892723679,-4.34955677996669
1830,-1.24138110136594,-4.34046465276374
1831,-1.21712226101327,-4.33111200680626
1832,-1.19291493557844,-4.32156941224381
1833,-1.16896309972258,-4.31190584788164
1834,-1.14503505892549,-4.30201259096628
1835,-1.12111261255263,-4.29188178113477
1836,-1.09717761688525,-4.28145020998516
1837,-1.07378280285228,-4.27111017486133
1838,-1.05124260720523,-4.26087934481441
1839,-1.02818645907506,-4.25006736065139
1840,-1.00487107455758,-4.23880636171202
1841,-0.982380023234343,-4.22764255406328
1842,-0.959949467773151,-4.21620084078775
1843,-0.936999645932234,-4.20415079696945
1844,-0.914224978215525,-4.19180209745751
1845,-0.892340337122142,-4.17966728926795
1846,-0.870513209898325,-4.16725136519103
1847,-0.848146988044549,-4.15416059298696
1848,-0.825981879016013,-4.14086763923457
1849,-0.80459758388847,-4.12771274944547
1850,-0.783547086109855,-4.11434622775202
1851,-0.761963712648392,-4.10017301160759
1852,-0.740514222066147,-4.08572560205415
1853,-0.719115451354599,-4.0710267650034
1854,-0.69785840279883,-4.05610477258898
1855,-0.676887988031803,-4.04102601524077
1856,-0.656753478433124,-4.02617215502204
1857,-0.636431867839729,-4.01082854056014
1858,-0.615791117704783,-3.99496225288001
1859,-0.595475265637615,-3.97897533020801
1860,-0.575272502862649,-3.96279999995326
1861,-0.555101801783083,-3.94643228942597
1862,-0.535686252165519,-3.9303849989874
1863,-0.517304355120049,-3.91490365324974
1864,-0.502544674264795,-3.90222579872355
1865,-0.493365986530711,-3.89424192609692
1866,-0.490075241061074,-3.89136955750509
1867,-0.490103058193407,-3.89139053101846
1868,-0.490160590663433,-3.89143794357975
1869,-0.490217969311907,-3.8914853627639
1870,-0.490275375819853,-3.89153288627433
1871,-0.490332886321834,-3.89158054541385
1872,-0.49039053141016,-3.8916283500976
1873,-0.490448323405039,-3.89167630591456
1874,-0.48936993386573,-3.89073061273114
1875,-0.483535463968517,-3.88558076645173
1876,-0.471793755556633,-3.87495847697455
1877,-0.455850779709609,-3.86010007351577
1878,-0.439123977122221,-3.84383145570131
1879,-0.421640177759782,-3.82544518531999
1880,-0.404939040989832,-3.8061014643212
1881,-0.389197141443418,-3.78603126853763
1882,-0.374293690290754,-3.76518444341078
1883,-0.360209870190598,-3.74362524128718
1884,-0.347027397287411,-3.72162373191646
1885,-0.334740938152661,-3.69919368775771
1886,-0.323243962767265,-3.67622816729357
1887,-0.312871978614553,-3.65341047062344
1888,-0.303617441136517,-3.63106384251399
1889,-0.294686446174212,-3.60781103940476
1890,-0.286377257296606,-3.5842022628099
1891,-0.278478943391445,-3.55972132734031
1892,-0.271107449505717,-3.53499168130531
1893,-0.264238909251889,-3.51001804952321
1894,-0.257925791651265,-3.48494622336297
1895,-0.252157650389859,-3.45987807426405
1896,-0.246839522256382,-3.43459504539427
1897,-0.241945673503828,-3.40910827087642
1898,-0.23745935760798,-3.38355230160412
1899,-0.233405575974527,-3.35810502783789
1900,-0.229730239624234,-3.33249928898854
1901,-0.226402790933876,-3.30674414121409
1902,-0.223421921189109,-3.28101340404891
1903,-0.220776919209153,-3.25532042783631
1904,-0.21844697424923,-3.2295366838403
1905,-0.216428886597084,-3.20366565778544
1906,-0.214685328081678,-3.17782740409254
1907,-0.213193290856319,-3.15196888088925
1908,-0.211947231213055,-3.12608325187698
1909,-0.210924625598591,-3.10017576659034
1910,-0.210077322854166,-3.07425517654202
1911,-0.209425122353635,-3.04831667008596
1912,-0.208940441573831,-3.02238469320068
1913,-0.208638790866596,-2.99649372330864
1914,-0.208471052658568,-2.97053826015118
1915,-0.208449035409947,-2.94453370843229
1916,-0.208542161663458,-2.91858574892865
1917,-0.20876739699333,-2.8926890600141
1918,-0.209073627623359,-2.86672266666063
1919,-0.209490189283504,-2.84071247609946
1920,-0.210013134772774,-2.81476351290287
1921,-0.210638346448568,-2.78884416159097
1922,-0.211337076146853,-2.76287482248601
1923,-0.212101278675213,-2.7368845068328
1924,-0.212933107304888,-2.71171739240317
1925,-0.213898350127523,-2.68817618123496
1926,-0.215119240567522,-2.66358989277217
1927,-0.216517352530693,-2.63759488901601
1928,-0.218024665770668,-2.6117123020216
1929,-0.219632858783494,-2.58582399651078
1930,-0.221272623877887,-2.55990325576505
1931,-0.22294088594534,-2.53390410656507
1932,-0.224619804356837,-2.50799867214945
1933,-0.226312315297157,-2.48210982716426
1934,-0.227984682198082,-2.45617912507574
1935,-0.229640664966317,-2.43016802908566
1936,-0.23126526369687,-2.4042452246814
1937,-0.232869823998529,-2.37833498083304
1938,-0.234413311519781,-2.35238647555651
1939,-0.235913185235536,-2.32636555436585
1940,-0.237373824485529,-2.30044497341292
1941,-0.238789897060208,-2.27452535157971
1942,-0.240134708289169,-2.24855874286472
1943,-0.241410700924404,-2.22252763679833
1944,-0.242649834436302,-2.1965954738619
1945,-0.243849981054572,-2.17065727586381
1946,-0.244991874093097,-2.14468732350064
1947,-0.246118984053973,-2.11867003468955
1948,-0.247279635274752,-2.09279235093328
1949,-0.248419656654798,-2.06684766348736
1950,-0.249492707052766,-2.0408676991703
1951,-0.250508838290543,-2.01483723218391
1952,-0.251494947004737,-1.98889526959172
1953,-0.252455321325429,-1.96293726478539
1954,-0.253355624204531,-1.93695053034139
1955,-0.254205554142167,-1.91092375807145
1956,-0.255032267989053,-1.88497987530661
3047,-0.347952942553887,26.0703103867983
3048,-0.348472183599526,26.0800940438115
3049,-0.34913637990594,26.087978848404
3050,-0.349832906907379,26.0940042728749
3051,-0.35050103406128,26.0986504209353
3052,-0.351145866689809,26.1023699491984
3053,-0.351699523772507,26.1051806452086
3054,-0.352209780694089,26.1074956774084
3055,-0.353009891571945,26.110845883519
3056,-0.35469409923994,26.1177819199493
3057,-0.35834931200319,26.1319782991154
3058,-0.364155354666237,26.1530145815432
3059,-0.370655191157579,26.1761237088798
3060,-0.377469548474803,26.2008260842733
3061,-0.384020107138255,26.2261375881155
3062,-0.390146793284321,26.2516354910286
3063,-0.395823488572598,26.2770904200411
3064,-0.401080005891864,26.3025967600419
3065,-0.405936091954074,26.3282821297199
3066,-0.410397851079656,26.354025681893
3067,-0.414507772240358,26.3797758620776
3068,-0.41828837436541,26.4055574487606
3069,-0.421726393636174,26.4314429656021
3070,-0.424850288062343,26.4573095335908
3071,-0.427695165233335,26.4832332218966
3072,-0.430266418137436,26.5091687155591
3073,-0.432557422110191,26.5351490334279
3074,-0.434588133871757,26.5610642570555
3075,-0.436396543969037,26.5870647972232
3076,-0.438011296746771,26.6131167824633
3077,-0.439393226255855,26.6391311566141
3078,-0.440576800060742,26.6650638874747
3079,-0.44159800620217,26.6911018357795
3080,-0.442442052078186,26.7172079209841
3081,-0.44309893435963,26.7432189927527
3082,-0.443599048557807,26.7691499628466
3083,-0.443962533679179,26.7951899919664
3084,-0.444214685664685,26.8213030324338
3085,-0.444335110981371,26.8472972569789
3086,-0.444340081279029,26.8732334835005
3087,-0.444220135998828,26.8992901861364
3088,-0.443904475395688,26.9254396577793
3089,-0.443381292881324,26.9514409683354
3090,-0.44265677874688,26.9773983597222
3091,-0.44174625381528,27.0034474336099
3092,-0.440667331297664,27.0295605958034
3093,-0.439465677916015,27.0555348290371
3094,-0.43814755182803,27.0814460141286
3095,-0.436728898001307,27.1074441440949
3096,-0.435244402179048,27.1334950185565
3097,-0.433795170216299,27.1593851105599
3098,-0.432331024763641,27.1852757337875
3099,-0.430846910307875,27.2112517277118
3100,-0.42935248203928,27.237299937672
3101,-0.427860566415275,27.2632121156033
3102,-0.426368581686611,27.2890979904086
3103,-0.424939151887321,27.3138060384146
3104,-0.423431114094956,27.3393617580274
3105,-0.421841126942558,27.3652933999356
3106,-0.420210798754825,27.3911728998255
3107,-0.418533828912044,27.417140149134
3108,-0.416803744268591,27.4431836767396
3109,-0.415053641464777,27.469092109531
3110,-0.41328458522321,27.4949571988063
3111,-0.41150144893775,27.5209126808849
3112,-0.409690788728308,27.5469433377719
3113,-0.407884474371167,27.5728374272704
3114,-0.406113920785133,27.5986648630948
3115,-0.404472123113187,27.6245937393439
3116,-0.402951372865151,27.6506190531601
3117,-0.401567272511852,27.6765119837491
3118,-0.400309371912769,27.7023623654407
3119,-0.399187628601189,27.7283201668758
3120,-0.398187211681331,27.7543670920916
3121,-0.397321259863817,27.7802767631251
3122,-0.396595106404978,27.8061289549621
3123,-0.396087469287055,27.832077854508
3124,-0.395789099639896,27.8581128783154
3125,-0.395689352770849,27.8840481004533
3126,-0.39574937428215,27.9099210921983
3127,-0.396001567410011,27.9358717097896
3128,-0.396507366327071,27.9618467252873
3129,-0.397296384845922,27.987730891532
3130,-0.398345303401066,28.0125260340813
3131,-0.399742306839846,28.0378582674055
3132,-0.401582360402431,28.0630726043983
3133,-0.403856469865781,28.0881978498263
3134,-0.406696272879467,28.1139828854746
3135,-0.41010678425784,28.1395515992442
3136,-0.414086953894914,28.1650621386036
3137,-0.418556459263088,28.1905289172138
3138,-0.423255041357966,28.2149336158585
3139,-0.428392153890888,28.2393124263839
3140,-0.434140101618834,28.2642475639961
3141,-0.440490807660645,28.289242760871
3142,-0.447486452019557,28.3141620767523
3143,-0.455043470400125,28.3388415836944
3144,-0.463017899335977,28.3623864930049
3145,-0.471567363122557,28.3858116965417
3146,-0.480996038961928,28.4098511111057
3147,-0.491130039113449,28.4336445254553
3148,-0.501751035081817,28.4570808208381
3149,-0.512960758590767,28.4802687430939
3150,-0.524808823715098,28.5031742344321
3151,-0.537223542840141,28.5257801874676
3152,-0.55020628679431,28.5481174010524
3153,-0.563667560057401,28.5700780640534
3154,-0.577576858162376,28.5916943778313
3155,-0.592029389821472,28.613041144046
3156,-0.607094147355195,28.6340304579137
3157,-0.622588153931019,28.6543106009251
3158,-0.638386656771868,28.6736614355454
3159,-0.655195079257273,28.6931966400872
3160,-0.671856400855971,28.7115680437865
3161,-0.689098672735317,28.7296352040011
3162,-0.707339239478852,28.7477067001332
3163,-0.725543047780546,28.7646851006236
3164,-0.744838105846962,28.7818306974686
3165,-0.764451530863053,28.7985684993412
3166,-0.783882006015337,28.8143810274318
3167,-0.803652943294406,28.8296976140595
3168,-0.824224685324344,28.8448862636665
3169,-0.845337835933322,28.8596873840165
3170,-0.866853392511274,28.8741111304442
3171,-0.888288008730063,28.8878564839484
3172,-0.907798645200648,28.8998204515171
3173,-0.921233597636257,28.9076765701181
3174,-0.926791097333853,28.9107956675793
3175,-0.926984993775507,28.9108978472212
3176,-0.926956431025276,28.9108790816695
3177,-0.926927765403403,28.9108602698921
3178,-0.926898996088548,28.9108414077804
3179,-0.926870121003892,28.9108224935189
3180,-0.926841139005796,28.9108035263566
3181,-0.926812050016327,28.9107845058996
3182,-0.926782853716118,28.910765431677
3183,-0.926753549365788,28.910746303198
3184,-0.928462775837811,28.9116716276827
3185,-0.93701155264359,28.9162864047391
3186,-0.952581262751549,28.9246734250458
3187,-0.971276874392286,28.9350175152986
3188,-0.991919978762965,28.9466502340554
3189,-1.01457818415269,28.9590324829368
3190,-1.03749350245335,28.9710048221095
3191,-1.06059182826447,28.9824931210086
3192,-1.08390307994022,28.9935418166257
3193,-1.10742983110618,29.0042369790388
3194,-1.13111052843918,29.0145529167797
3195,-1.15414967319303,29.0242145208386
3196,-1.17773321789116,29.0337032967244
3197,-1.20188106399952,29.0428976416702
3198,-1.22611748830625,29.0515955400598
3199,-1.25057977446671,29.0598883102932
3200,-1.27528946332637,29.0677813072064
3201,-1.30013420066283,29.0752604641054
3202,-1.32492005323971,29.0822506888494
3203,-1.34990930576649,29.088879755167
3204,-1.37511066063951,29.0951692606883
3205,-1.40037975079535,29.1011372388287
3206,-1.42555423969032,29.1067272509125
3207,-1.4508847421129,29.1119868915838
3208,-1.47636283128586,29.1169048530238
3209,-1.50188264792539,29.1214223246217
3210,-1.52737078308749,29.1255695560641
3211,-1.55296171981214,29.1293743770934
3212,-1.57867571604454,29.1328639129444
3213,-1.6043543818921,29.136060940858
3214,-1.63007204233365,29.1389597906266
3429,-7.20851598560299,29.198205199049
3430,-7.23390233846584,29.198288967493
3431,-7.25887990342337,29.1983982224407
3432,-7.28463402720715,29.1984945143066
3433,-7.31065489333258,29.1985636942079
3434,-7.33671240145207,29.1986036478016
3435,-7.3626320422758,29.1986216671829
3436,-7.38857668604779,29.1986387843882
3437,-7.41460768561906,29.1986652555956
3438,-7.44066671192256,29.1986941890948
3439,-7.46659216444963,29.1987126875878
3440,-7.49253834359487,29.1987352922782
3441,-7.518570417527,29.1987668247428
3442,-7.54462837528873,29.198801041746
3443,-7.57055194349155,29.1988248264117
3444,-7.59649926455455,29.1988529162759
3445,-7.62253240816893,29.1988896215485
3446,-7.64858954014787,29.1989296507372
3447,-7.6745060134621,29.1989542843962
3448,-7.70045239142259,29.1989764879525
3449,-7.72648649510015,29.1990061453423
3450,-7.75254275262866,29.1990379310869
3451,-7.77845870873206,29.1990542782416
3452,-7.80440640536677,29.1990678150755
3453,-7.83044155958967,29.1990886775438
3454,-7.85649754856363,29.1991110998638
3455,-7.88242008066979,29.1991237029334
3456,-7.90836980519317,29.1991403992592
3457,-7.93440593112224,29.1991660414392
3458,-7.96046046396181,29.1991931537749
3459,-7.98637374742746,29.1992047281026
3460,-8.01232247997278,29.1992141627384
3461,-8.03835957096414,29.199230581379
3462,-8.06441463105268,29.1992480684028
3463,-8.09041285600464,29.1992694141997
3464,-8.11641396754188,29.1994666280663
3465,-8.14168068917264,29.1998808130496
3466,-8.16690506427135,29.2004861183185
3467,-8.19223374095667,29.2012191734368
3468,-8.21767089249019,29.2021281390375
3469,-8.24287132352991,29.2032227385734
3470,-8.2680384909149,29.2044492215933
3471,-8.29320766525395,29.2057553255234
3472,-8.31616340500552,29.2070355372567
3473,-8.33246940172787,29.2078101601771
3474,-8.34123884463111,29.2080930514322
3475,-8.34298374670713,29.2081335323634
3476,-8.34299649247148,29.20813312707
3477,-8.34300846782366,29.2081326841569
3478,-8.3430198764611,29.2081321926903
3479,-8.34303088551769,29.2081316725565
3480,-8.34304165888445,29.208131163953
3481,-8.34305230188408,29.2081306735001
3482,-8.34306288330234,29.2081302031203
3483,-8.34307344583587,29.2081297548427
3484,-8.34473131006689,29.2081680545461
3485,-8.35231858311608,29.2083503952041
3486,-8.3650165992556,29.2083949597099
3487,-8.38329326825814,29.2075810339901
3488,-8.40572076901934,29.2058267294281
3489,-8.42918667753607,29.203593719495
3490,-8.45437199285917,29.2009784973747
3491,-8.47881010903471,29.1984700666386
3492,-8.50398811964411,29.1961040928337
3493,-8.5299873178401,29.1940375614184
3494,-8.5559765400906,29.192279095964
3495,-8.58199691381656,29.1907861576282
3496,-8.60807926945918,29.1895283511211
3497,-8.63409566481804,29.1884993263459
3498,-8.6599810967385,29.1876265823781
3499,-8.68602146662245,29.1869385602194
3500,-8.71213144808709,29.1864418956697
3501,-8.73817784902153,29.1861454118021
3502,-8.76412105117295,29.186018087187
3503,-8.79015981434042,29.1860458815478
3504,-8.81627160118945,29.1862243133952
3505,-8.84228456749911,29.1865104656389
3506,-8.86822034581931,29.1868185812024
3507,-8.89421664927972,29.1871219678871
3508,-8.9202703948363,29.1874227572732
3509,-8.94615292328194,29.1877027914534
3510,-8.97204755031499,29.1878681026075
3511,-8.99800783932797,29.1878900314492
3512,-9.02402721401223,29.1877699265679
3513,-9.04992296953105,29.1875209380761
3514,-9.07580876317183,29.1870800024216
3515,-9.10173540400285,29.1864255147721
3516,-9.12693555123551,29.1855460519568
3517,-9.1525256586348,29.1843757186659
3518,-9.17846156563164,29.1828963397169
3519,-9.20338841122741,29.1811137545755
3520,-9.22821451072737,29.1789763104252
3521,-9.25285159855146,29.1764965826541
3522,-9.27730431660451,29.1736377412213
3523,-9.30270378263656,29.1701990081289
3524,-9.32812732061141,29.1662309473979
3525,-9.35354142190976,29.1617045653049
3526,-9.37900841761995,29.1566878377154
3527,-9.40448737017345,29.1512564316564
3528,-9.42948321286805,29.145315520038
3529,-9.45441190952737,29.138732094753
3530,-9.47926492120012,29.1315324034727
3531,-9.50395754989238,29.1236895073986
3532,-9.52821908632717,29.1153464008494
3533,-9.5524149533254,29.106431276014
3534,-9.57642491396172,29.0969052462832
3535,-9.60013497543993,29.0867824848658
3536,-9.62334012010551,29.0762300669425
3537,-9.64659285961784,29.06512546799
3538,-9.6692491269086,29.0537588993443
3539,-9.69167444327892,29.0419996111135
3540,-9.71372696922539,29.030053883155
3541,-9.73560350579067,29.0177387012283
3542,-9.7565347230298,29.0052332337052
3543,-9.77132253229055,28.9955388917582
3544,-9.77883464291753,28.990017399708
3545,-9.7814816753797,28.9878873763176
3546,-9.78150725040351,28.9878640933646
3547,-9.78148544693023,28.9878793218964
3548,-9.78146385571102,28.9878943500806
3549,-9.78144232337963,28.9879093203186
3550,-9.78142078049764,28.9879242709157
3551,-9.78139921073327,28.9879392224737
3552,-9.7813776026523,28.9879541869733
3553,-9.78135595568163,28.9879691711778
3554,-9.78286171688431,28.9867266651414
3555,-9.79038981859713,28.9805973205792
3556,-9.80416835674924,28.9694739697829
3557,-9.82042131583548,28.9561249391953
3558,-9.83613806555833,28.9427166876261
3559,-9.85404861752036,28.9267596085329
3560,-9.87257432269657,28.9089749644688
3561,-9.89037654744103,28.8904468201351
3562,-9.90743788500308,28.8712645911751
3563,-9.92370147517249,28.8514923062253
3564,-9.93922955786823,28.8310929776086
3565,-9.95401057583428,28.8101647097983
3566,-9.96812215907128,28.7886295634371
3567,-9.98154963134396,28.7665804183107
3568,-9.99415620633218,28.7442756522518
3569,-10.0060253873396,28.7215342154771
3570,-10.0172103074445,28.6983243651699
3571,-10.0276551104233,28.6747805279998
3572,-10.0373852870549,28.6509352042978
3573,-10.0461281633269,28.6276243055365
3574,-10.0540668251184,28.6045184757399
3575,-10.0613580818823,28.5813049343649
3576,-10.0683451803024,28.5570052318177
3577,-10.0749928681406,28.5319629520011
3578,-10.0811186299416,28.5069189028046
3579,-10.0867978981788,28.4817680537944
3580,-10.092077047803,28.4564124948053
3581,-10.0969765685933,28.4308879365003
3582,-10.1014298516702,28.4054355789535
3583,-10.1054958946806,28.3799492650228
3584,-10.1092207840692,28.3542964793974
3585,-10.1126186815171,28.3285066674157
3586,-10.1156541203619,28.3028573132138
3587,-10.1183906090126,28.2771718272694
3588,-10.1208323143976,28.2513432133141
3589,-10.1230150034092,28.2254457276796
3590,-10.124939372339,28.1996202474964
3591,-10.126619492849,28.1738166534988
3592,-10.1280652338839,28.1478993925505
3593,-10.1292788405461,28.1219958672327
3594,-10.1302949772998,28.0960677007388
3595,-10.1311439030276,28.0701849250406
3596,-10.1318301602229,28.044213417538
3597,-10.1323599644815,28.0182937760665
3598,-10.1327603449584,27.9923277337245
3599,-10.1330305750267,27.9664085454597
3600,-10.1331406039653,27.94043395045
