1,test,0.033473115473946186,2.9160839902385325,0.7182875750153744,0.027953856380822845
2,test,0.027179180235733444,2.927070821930777,0.7186099199144242,0.02992642614679743
3,test,0.03047448192018002,2.964443459012245,0.7197000814586801,0.02413656749892858
4,test,0.033638909040438876,3.0043562298445456,0.7203554735793447,0.008287216925938071
5,test,0.03098315877750458,3.0445530188806154,0.7203923158223069,-0.005798326902859827
6,test,0.03261475038751574,3.0845955709021444,0.7199559842569104,-0.015382275957654635
7,test,0.029671065159183843,3.1245488023239805,0.7191766088430351,-0.023163643066888364
8,test,0.029330556493409914,3.1647068336519726,0.7181314841752046,-0.02828038036205214
9,test,0.027781808989446447,3.204498779920537,0.716936141020643,-0.03232512814667711
10,test,0.027000428935204216,3.244527664015516,0.7155727145502044,-0.03593550879731699
11,test,0.023105274050465533,3.2845476746918596,0.7140915077092737,-0.03818367042370636
12,test,0.021933846300381196,3.324348115344129,0.7125089709786463,-0.04123047636782553
13,test,0.02061696372226658,3.364435183449161,0.7108157495451572,-0.04319001418077513
14,test,0.018263371030093928,3.404243977794195,0.709090102098835,-0.04423044550387011
15,test,0.014486276801846705,3.4441873076963767,0.7073060385538105,-0.04513520067934444
16,test,0.01625589074604095,3.484216726183964,0.7055050828824354,-0.04447794205574119
17,test,0.011621612654942475,3.52396889397379,0.7037451373122623,-0.0444109281727638
18,test,0.013439802861448719,3.564008235105163,0.7019817718479058,-0.04350803846077942
19,test,0.011020620974085122,3.603847874140628,0.7003062720996621,-0.04134256955912565
20,test,0.01368023711577052,3.643735205997621,0.6986983879212925,-0.039451385281787814
21,test,0.015292851208156875,3.6838040885604446,0.6971671434709319,-0.03647390852337004
22,test,0.015300800999531058,3.7235561549381897,0.6957891020700612,-0.03361117259435857
23,test,0.017214814025776324,3.763564914529532,0.6945003426428209,-0.030824156727919376
24,test,0.01528731576062164,3.8035280365918767,0.693344053932693,-0.02729099070998211
25,test,0.019214902432205205,3.843353414718577,0.6923137343774426,-0.024621540363624742
26,test,0.019307142844324627,3.883456097140113,0.6913847483543427,-0.0213916787384661
27,test,0.020566340466954144,3.9232648674645163,0.6906159052422621,-0.01815856130802435
28,test,0.023665020714393678,3.963236081636192,0.6899498179454078,-0.015257521545529505
29,test,0.025886586850704524,4.003306951637139,0.6894074624861403,-0.011676425513983443
30,test,0.03320962626490385,4.043089469697537,0.6890035808261173,-0.008820577045542677
31,test,0.032897919409825144,4.083176051745607,0.6887133503407049,-0.005452487636587911
32,test,0.02986420830532099,4.123070672424354,0.6885763531913701,-0.001983105092977423
33,test,0.02830359024350713,4.1629981152191595,0.6885534091419693,0.0002424158440469062
34,test,0.029270555534813284,4.203144857914027,0.688583746002615,0.0010942190010027708
35,test,0.027494229821365256,4.242972413121862,0.6886311370376998,0.00046073500800152835
36,test,0.028027624118102067,4.28304077438826,0.6886238779408481,-0.0012071480077495143
37,test,0.02609569513314976,4.323044176449029,0.6885471539730993,-0.0026070430804093605
38,test,0.024746388817724542,4.3629521046554745,0.6883991046221324,-0.004937255430863462
39,test,0.025821726905289243,4.403102964442661,0.688163553301377,-0.006501339640716242
40,test,0.02251174235437257,4.442935841043892,0.6879028018473644,-0.006984155334477787
41,test,0.022610445910064676,4.482936681106099,0.687631706497452,-0.006676621476364692
42,test,0.021068023955681008,4.523019822828951,0.6873779442497344,-0.0064054055101848036
43,test,0.019422678770458432,4.562854780603755,0.687103711604066,-0.007794190244031432
44,test,0.021009236533874393,4.602972021384127,0.6867633927142537,-0.009216365182525029
45,test,0.01722790576694942,4.642877464850123,0.6863876261003319,-0.010216428407843203
46,test,0.019900338792959382,4.682837868442956,0.6859405542432994,-0.01298381470316356
47,test,0.015720592016346843,4.722991858607774,0.6853556086647631,-0.015837167646167022
48,test,0.015720592016346843,4.7627897989777646,0.6846951177309052,-0.017389233852834432
49,test,0.015658506714284988,4.802844271856756,0.6840108348357138,-0.01615994892772225
50,test,0.012194682690268556,4.842791373788675,0.6834469439582428,-0.011854925733979844
51,test,0.012194682690268556,4.882655053159003,0.6830889423792302,-0.006177290357546411
52,test,0.014489350150168083,4.922780263429672,0.682947872664162,-0.0008308357701005274
53,test,0.010735594815424004,4.962621820531886,0.682975090857136,0.00041300692227567916
54,test,0.014505877757939984,5.0026445415027,0.6829716335226845,-0.0008809617209001134
55,test,0.00951225608913319,5.042700951626909,0.682948798436799,0.0005188883282022955
56,test,0.012134953690933004,5.082534034942634,0.683024939340837,0.002923483867633123
57,test,0.009340473372651132,5.1226421940845706,0.6831973164824091,0.0062086474025545395
58,test,0.0090766956787481,5.162467868799251,0.6835385962783961,0.011445028615536378
59,test,0.012798382382115182,5.202381191409513,0.684137167368745,0.018692461833266377
60,test,0.01063780876753738,5.242488073853721,0.6850112582068697,0.025501329155496768
61,test,0.014598685139822867,5.282256235011058,0.6861281578031291,0.029188567865735048
62,test,0.016665127272606335,5.322323681422678,0.6873151296181504,0.029072000416870754
63,test,0.016665127272606335,5.362302536615321,0.6884474590027277,0.0280392485487013
64,test,0.016927637596808456,5.402206436603971,0.6895391664795432,0.026570093779681118
65,test,0.01994246324689335,5.442361254782884,0.6905761058013243,0.025312318252582386
66,test,0.01994246324689335,5.482195772951038,0.6915699194472394,0.02420221040692759
67,test,0.023112198348677282,5.522228352294415,0.6924973122231978,0.02164610355979002
68,test,0.023171046142653955,5.562311671233033,0.6932906148455623,0.01820103222821267
69,test,0.026407289838590205,5.602207705495236,0.6939022197221132,0.011740036360039483
70,test,0.02355643758725258,5.642412955983374,0.6942008627967927,0.0023596856392625403
71,test,0.023190991068429895,5.682389933570569,0.6940925258560529,-0.008202187172817925
72,test,0.023190991068429895,5.722431122093944,0.6935400307505322,-0.019036505770412545
73,test,0.022631178827991476,5.762592112787928,0.6926121710924196,-0.02609293162211791
74,test,0.02041208329800877,5.802418264399698,0.691470646863968,-0.03125289457161432
75,test,0.02197898271936112,5.842488169670662,0.6901644552412649,-0.033061545715710024
76,test,0.016473189638858656,5.882373914731629,0.6888717132292592,-0.032387668243705155
77,test,0.014737374736250477,5.922281106213727,0.6875793925268043,-0.03317730206342204
78,test,0.013833617427539498,5.962396265929084,0.6862179274931541,-0.03476999081261932
79,test,0.008751500345088871,6.002112036256597,0.6848409062677775,-0.03421189649425186
80,test,0.0135262773620942,6.04210311658708,0.683549398178502,-0.0294822289788776
81,test,0.00615305780957773,6.082047711983779,0.6824825253826878,-0.02546507430945152
82,test,0.00827320636763961,6.121895006522297,0.6814538430791373,-0.027627244636919665
83,test,0.008266947451429894,6.162032426942049,0.6802614667287331,-0.031952273564699436
84,test,0.0030367920929802988,6.201780798652414,0.678956967309426,-0.033340301154833454
85,test,0.012465871455935142,6.241741859258661,0.677629769002267,-0.03410992276145751
86,test,0.002484257536206413,6.281805862927822,0.6762530740737057,-0.033994057269506404
87,test,0.00811729955271,6.321560962938162,0.6749333597974527,-0.0319409933947235
88,test,0.008521064797026098,6.361610531532742,0.673746779936362,-0.026203255439213056
89,test,0.006938617471169083,6.401477042230323,0.6728462306534027,-0.020134197134966208
90,test,0.013999870581451015,6.441381508882787,0.6721222337142406,-0.017002359372137402
91,test,0.008390508067134511,6.481508540888907,0.6714781406984961,-0.015106885096156666
92,test,0.013133978308361301,6.521305389942176,0.6708972181545624,-0.01529601349622765
93,test,0.014115098806500897,6.561360104806337,0.6702564943152052,-0.017334904963283767
94,test,0.020349473532623213,6.601366508350169,0.6695288367783755,-0.019324093129993464
95,test,0.020349473532623213,6.641246655293752,0.668724823441719,-0.021205447846578955
96,test,0.01789099882955704,6.681379727088596,0.6678433026531648,-0.022750018287599708
97,test,0.020919993051877517,6.721177437540951,0.6669337003692495,-0.023344090506739506
98,test,0.02187731470968625,6.761156056584142,0.666017360105037,-0.022356505413330036
99,test,0.023223694829130982,6.80122446892269,0.6651601841837544,-0.020622643728142525
100,test,0.026756060081806397,6.841014179609999,0.6643519350353068,-0.02026557854039125
101,test,0.02461850761684017,6.881107825707144,0.6635488304623631,-0.020031861032635975
102,test,0.02642578684820645,6.920993967825971,0.6627630274625427,-0.020267013699472446
103,test,0.026747288106158482,6.960927366818083,0.6619487558913993,-0.0205944924823847
104,test,0.027496012260272974,7.001051739780989,0.6611271534773344,-0.02019121831614234
105,test,0.030710767291510715,7.040828791740174,0.6603426470148616,-0.01976162970483805
106,test,0.02952855400557748,7.080874375513166,0.6595748295945274,-0.018579698105992703
107,test,0.030984175178654594,7.120817122302365,0.6588692021643172,-0.01758871140266772
108,test,0.030611074646334658,7.160704617444353,0.658179588501208,-0.017331282923583838
109,test,0.028173795588174247,7.200832076252787,0.6574973209578676,-0.016402959746975556
110,test,0.030537647624287994,7.240644204225842,0.6568841720163868,-0.01500265994991424
111,test,0.027720352381167254,7.280641275270547,0.6563147195866565,-0.013827431647235074
112,test,0.028414057526729614,7.320708403385725,0.6557884161885754,-0.012620210667201665
113,test,0.027545157282567827,7.360533540869933,0.655294462992467,-0.012587475899136537
114,test,0.025968207631585475,7.400646264907806,0.6547873838293756,-0.01289857280216132
115,test,0.02532643943478748,7.440542400103613,0.6542757482543778,-0.013365969049695517
116,test,0.022410557316533478,7.480491988796861,0.6537379472586575,-0.013647673901627945
117,test,0.021482416781002354,7.520622963729328,0.6531939148261577,-0.01319763649148353
118,test,0.021482416781002354,7.560418215065412,0.6526840307960857,-0.013114249871243717
119,test,0.015952661169221196,7.600484960694904,0.6521636245910403,-0.01310369355210383
120,test,0.01974528129062518,7.640449607394041,0.6516510437616023,-0.01298824887964548
121,test,0.015904965560499796,7.680349344216737,0.6511369183839977,-0.013099126021444956
122,test,0.014878643399718927,7.720487979543891,0.6506153039977542,-0.012767885738505035
123,test,0.011937136546260337,7.760309096244118,0.6501260362253262,-0.012391055645616824
124,test,0.011157036682156035,7.800322589452852,0.649642634652954,-0.012030377943901828
125,test,0.01634329245137959,7.840371362671728,0.6491785935926783,-0.011329518322855297
126,test,0.011526333330880047,7.880214295449267,0.6487381539198976,-0.011109457456679406
127,test,0.012454191015667554,7.92033307332351,0.6482994241733819,-0.010831187446524733
128,test,0.012454191015667554,7.960217443418778,0.6478826802017977,-0.010659639138109927
129,test,0.010314199656307846,8.000179103023148,0.6474619534192977,-0.010626151346055983
130,test,0.017535237770145495,8.040310005492797,0.6470393499979443,-0.01022574844183872
131,test,0.015453368497097756,8.08011156431647,0.6466419012725383,-0.010293445453186735
132,test,0.015453368497097756,8.120190097685065,0.6462345028656462,-0.0102392527181459
133,test,0.014864819407151186,8.160148706683696,0.6458368788102026,-0.010104094248153497
134,test,0.0215944072254367,8.200058576598583,0.6454378213525237,-0.010130041174939444
135,test,0.0215944072254367,8.240204794462098,0.6450348978439543,-0.009856025241400905
136,test,0.01750756385010678,8.280025088041045,0.6446544638676751,-0.009788845051878858
137,test,0.021503788593720985,8.320052029691539,0.6442701314921278,-0.009624677949409733
138,test,0.024118655817265588,8.360083350139615,0.6438971536465411,-0.009318825909963233
139,test,0.02581526191270087,8.399948268830387,0.6435317671534734,-0.009350110267440887
140,test,0.02667917142884586,8.440076033091097,0.6431598398985281,-0.009179148025463017
141,test,0.02307564060424499,8.479949224088507,0.6428067860827135,-0.00906319568639595
142,test,0.023257423409655496,8.519923405751895,0.642450000617972,-0.009049072661168599
143,test,0.022852947901468353,8.56004709008035,0.6420898685071958,-0.008829004647360396
144,test,0.02684456752785976,8.59985547495382,0.6417378367140547,-0.00921675386890089
145,test,0.02684456752785976,8.639946541788857,0.6413677765777429,-0.00942855163661383
146,test,0.022616980249270616,8.679891101490284,0.6409966643120956,-0.009547237825774595
147,test,0.02412633276168508,8.719812258749409,0.6406189300435516,-0.009560527039353199
148,test,0.025307354596979983,8.75995963926815,0.6402401750784376,-0.009220057628484029
149,test,0.020643812211293435,8.799772059481835,0.6398827888528533,-0.009233912275186757
150,test,0.021128597000020684,8.8398109097338,0.6395198360417426,-0.009076177824780018
151,test,0.017793053601819056,8.879825093471956,0.6391698767176588,-0.0086549147019716
152,test,0.017526644884830245,8.919702329086185,0.6388389009720493,-0.008286253931109325
153,test,0.01632788015178061,8.959836510387047,0.6385141406799671,-0.007921226656405633
154,test,0.011339533568998037,8.999701463817,0.6382088306726138,-0.007923544606117418
155,test,0.01596486429757028,9.039689531700818,0.637892340409116,-0.008277157163391925
156,test,0.00994626911742741,9.07980546840013,0.63755467389514,-0.00861826626239405
157,test,0.00994626911742741,9.119625317201876,0.6371983698250745,-0.00940843375793476
158,test,0.010531712925908324,9.159727627668255,0.63681422831383,-0.009916639635526846
159,test,0.0052063169118151545,9.199660004784835,0.6364158963550037,-0.010468960581134366
160,test,0.012722183074492499,9.239594759355825,0.635989146302545,-0.01114286407644881
161,test,0.005060258493090759,9.279744924356184,0.6355322902155943,-0.01143688139489382
162,test,0.007798219328789455,9.319552665281183,0.6350782586424214,-0.01187178805178388
163,test,0.008693474656675696,9.359603376241951,0.6346012027753822,-0.012185870157323874
164,test,0.0044213296929749325,9.399603392032285,0.6341155033875641,-0.012447633611078248
165,test,0.012791586371404835,9.439491082650706,0.6336176560222961,-0.012817667040112285
166,test,0.005821878268540082,9.479629872323038,0.6331001261287832,-0.012869110881958676
167,test,0.008980965128280076,9.519477488759609,0.6325960878907732,-0.01301210356175913
168,test,0.010032083449991826,9.559474258592472,0.6320754740667046,-0.013356619994276085
169,test,0.007681220654187693,9.599567733326653,0.6315386187540746,-0.013583248730635803
170,test,0.014823961050590934,9.6393929977048,0.6309847102918293,-0.014364435306936138
171,test,0.032328496329784524,9.679502228904834,0.6304001494956741,-0.014939954120373787
172,test,0.029535164582516413,9.719413299330713,0.6298030900521264,-0.015456585895797797
173,test,0.024724552328768912,9.759355065839749,0.6291796826886588,-0.015979704663244904
174,test,0.025119065271365204,9.79949722831825,0.628532130565632,-0.016036385826766055
175,test,0.01839193399044115,9.839295946217616,0.6279009185801221,-0.016281362809818282
176,test,0.016322683040043837,9.879353492859313,0.6272530004435606,-0.01622354680183279
177,test,0.013648720689055534,9.91933005559258,0.6266176069705673,-0.01594438399178194
178,test,0.007128079112444059,9.959220341622421,0.6259921318209714,-0.01565834317700482
179,test,0.012778371544084522,9.999355592780077,0.6253770252848471,-0.01474288101206201
180,test,0.0030907267805169248,10.039183569184384,0.624821094716832,-0.013725296501598127
181,test,0.007531792647792261,10.079185503009306,0.624299886447947,-0.012467316648510824
182,test,0.007531792647792261,10.11924642479049,0.6238327605579537,-0.010957020571702586
183,test,0.0045014612612707,10.159081234539208,0.6234248839221034,-0.009779774746755957
184,test,0.012371540132134026,10.199191289600122,0.6230616106564538,-0.008222033601749109
185,test,0.006237258819780593,10.239081531332117,0.6227723249476953,-0.006518799481380408
186,test,0.010913091636084225,10.279030840768673,0.6225519437615628,-0.004681262076972707
187,test,0.010042050622287912,10.319165303243746,0.622398348986707,-0.0024597078769806463
188,test,0.0077498727937457,10.358958494334344,0.6223499036743153,-0.00032426744617761936
189,test,0.014896187645611696,10.399022563807318,0.6223850600306629,0.002115281561547122
190,test,0.010404354610475923,10.438991389747319,0.6225172625684405,0.004669146006756975
191,test,0.012485920151593787,10.478881116147654,0.622766072151604,0.007653867737361493
192,test,0.01186009464702081,10.519015432070335,0.6231297768209404,0.010933123574509587
193,test,0.015823737208343756,10.55882901655089,0.6236322344197412,0.014367389219977761
194,test,0.009670061236085279,10.598828041977693,0.6242831331822606,0.01835016536640792
195,test,0.013165383551831005,10.638858959391383,0.6250959122139533,0.023088746179801358
196,test,0.013165383551831005,10.678671640035576,0.6261154691695423,0.02793624994251911
197,test,0.0129510264598052,10.718761009032159,0.6273261723705914,0.032764044398734364
198,test,0.014074238859967097,10.75859036407816,0.62872454703111,0.03746110933252527
199,test,0.014074238859967097,10.7985042701796,0.6303029377974853,0.04114556369208172
200,test,0.008020198377939302,10.83860955238707,0.6319969482652578,0.04358543656333734
201,test,0.010994416735614115,10.87835349283774,0.6337853079135748,0.04569286963631048
202,test,0.008695347650366616,10.918391353015052,0.6356428313355242,0.04664080944975123
203,test,0.004987740997920031,10.95831097813712,0.6375112604876233,0.0469412437291139
204,test,0.012125305466025678,10.998181617616021,0.639390928583039,0.0469375620894161
205,test,0.003130375562595736,11.038301800609622,0.641265467335454,0.046426592459124075
206,test,0.0067467558117668604,11.0780903498338,0.6431096490774758,0.045913946860118064
207,test,0.0067467558117668604,11.118089618159075,0.6449327279827264,0.044776541003504367
208,test,0.003284991938692825,11.158112346201824,0.6466848237095435,0.04280919783535113
209,test,0.011862500848420205,11.197960679920348,0.6483488816018436,0.04036087521783949
210,test,0.00424903490683778,11.238087781398056,0.6499170275695219,0.037640105281645464
211,test,0.009220865343807809,11.277965655485024,0.6513676014222164,0.03523075131272011
212,test,0.007344549972172501,11.317934202714758,0.6527349289878989,0.0330471120571989
213,test,0.004658089500448489,11.35807501354916,0.6540143839537328,0.03141527470972036
214,test,0.012477854838001236,11.397862229120582,0.6552582552590522,0.03073042895688893
215,test,0.007311774267701817,11.437940907671925,0.6564888216785538,0.030720553570730145
216,test,0.012349952091184883,11.477867615326907,0.6577255617328285,0.03166703790477001
217,test,0.011835231045278966,11.517768797395586,0.6590151672232765,0.03274162213823923
218,test,0.009463650956982005,11.557908172671901,0.6603378467268614,0.033353041878409796
219,test,0.015491372585810827,11.597699746024299,0.6616816290441304,0.03346291351581267
220,test,0.012179540676283867,11.6377346057152,0.6630019612222207,0.03186028462234695
221,test,0.014637929195669062,11.6777600191663,0.6642208033882535,0.029255177897950277
222,test,0.013493860707596715,11.71764689643636,0.6653171917217463,0.02533368279057374
223,test,0.01437001574056215,11.757818119343646,0.666245708297836,0.02074910204378799
224,test,0.015660532098872564,11.79771263600539,0.6669826363087139,0.016217100943432008
225,test,0.017092322913695064,11.837732680196725,0.6675278032069248,0.010750616483574432
226,test,0.016573418446936244,11.877879535982036,0.6678436311507369,0.006173719201029132
227,test,0.016573418446936244,11.917750718240887,0.6679978846901782,0.0014570651385416046
228,test,0.016160372313508094,11.957885101328964,0.6679761083420318,-0.0024590393257321454
229,test,0.018249450817444914,11.997849038400918,0.6678222469801852,-0.005165787382190618
230,test,0.013163626107719388,12.037804366629201,0.667557394885026,-0.007960723258636657
231,test,0.015239359016705319,12.077965825136133,0.6672009983687501,-0.009286091337663564
232,test,0.015239359016705319,12.11777162297642,0.6668305385890985,-0.009557873597176606
233,test,0.013128490906125442,12.157827676210303,0.6664521139172949,-0.009798430349741987
234,test,0.017418208446901715,12.197832006269612,0.6660526630594825,-0.010715132614919808
235,test,0.015331479560406827,12.237733027435313,0.6655858100491143,-0.013268279256162537
236,test,0.019011470093457005,12.277882732840656,0.6650049291697407,-0.015204085687958063
237,test,0.018665500694875038,12.317676152625872,0.6644120950882006,-0.014350204197907307
238,test,0.020212078079049532,12.357664238904718,0.6638929027190774,-0.011731762592223818
239,test,0.02271199782763993,12.397740057605022,0.6634624207164438,-0.010415420054482706
240,test,0.02271199782763993,12.437564248051148,0.6630558331673467,-0.00973137508443884
241,test,0.026580131927306457,12.477666409157814,0.6627071388186362,-0.007417540091814474
242,test,0.02685880984796832,12.517542789767871,0.662475558739485,-0.004231783066206926
243,test,0.02821964563615974,12.557480121919179,0.6623668190447299,-0.002005057318478445
244,test,0.03122733950583758,12.597619942800703,0.6623121675514478,-0.00024843629846170543
245,test,0.029942623371463282,12.637407259428985,0.662359140281947,0.0027727525381104705
246,test,0.03150759441823254,12.677455927231069,0.6625523799867706,0.007165866516417794
247,test,0.03150406977116424,12.717422485242727,0.6629294757107708,0.012068176872237074
248,test,0.03326268641570204,12.757290093832033,0.6635066207348634,0.016391748236300463
249,test,0.03008880634394834,12.797438826846514,0.664198776598106,0.01731723060429797
250,test,0.03003301707211983,12.837280884927473,0.6648554301914227,0.014653026375619962
251,test,0.028916469047734136,12.877326757945893,0.6653439463369335,0.009237874067578379
252,test,0.028916469047734136,12.917450660657167,0.6655977655557723,0.004477785295022342
253,test,0.027288884691941184,12.95733024097318,0.665694930720893,0.0007935026619144217
254,test,0.028711371111213545,12.99746341723439,0.6656916439769899,-0.00046453255355923223
255,test,0.023069071090525778,13.037359787986441,0.6656742997430359,-0.00028442655198222664
256,test,0.02214978478015178,13.077323733917805,0.6656718458290589,-0.0003192923459700132
257,test,0.02214978478015178,13.117472315323605,0.6656122246034087,-0.0028118598034452685
258,test,0.020469296457138148,13.157353004096896,0.6653950875959603,-0.009595602016314809
259,test,0.022837248729644426,13.19749584189507,0.6648339266783087,-0.01863983651582494
260,test,0.01862324741196033,13.237496571642449,0.6639502877226974,-0.02508878839376555
261,test,0.018868847371793604,13.277405288572181,0.6628681030267317,-0.02856430406207287
262,test,0.017691832766104868,13.317525962835939,0.6617119330712046,-0.028091585262681667
263,test,0.01478373381772094,13.357265057753695,0.6606625944977462,-0.02473285398617348
264,test,0.01796161415788002,13.397272416709297,0.6597265939242878,-0.023676933146838518
265,test,0.01245285448070407,13.437333045562275,0.658739522724435,-0.026802126903745595
266,test,0.014238693880578215,13.47717050725753,0.6575986332973799,-0.029808528937490766
267,test,0.012274347606627602,13.517271990152665,0.6563932700996149,-0.02969416679671886
268,test,0.009534738795808264,13.557119375968117,0.6552429815369678,-0.02909162750553595
269,test,0.014510817665145965,13.597081843568319,0.6540650754053314,-0.03072936561489535
270,test,0.008033723518941337,13.637186203460416,0.6527900717556928,-0.03257066198718968
271,test,0.010285338611651283,13.676962118822267,0.6514626319845844,-0.03428704039082176
272,test,0.006667686053000884,13.717042290567331,0.6500476024047418,-0.03727465984586349
273,test,0.006667686053000884,13.756950175618105,0.64849449486859,-0.04125565695955805
274,test,0.013376572013754431,13.796850256279251,0.6467791099738224,-0.04463211035599238
275,test,0.006040061165307045,13.836943608430422,0.6449549466993941,-0.045732506657421026
276,test,0.009370708636345898,13.876718481812933,0.6431299731261835,-0.047058704691172334
277,test,0.0075601559064615185,13.916718170299287,0.6412111024089742,-0.04903486964223002
278,test,0.003915823196052845,13.956707677262077,0.6392421342684693,-0.04921516196986784
279,test,0.01226567295721332,13.996498268711308,0.6372809977600741,-0.04926885431555532
280,test,0.005287233008848263,14.036563093432347,0.6353256328299928,-0.047943834083875224
281,test,0.007218481731493524,14.076337373722604,0.6334785260712013,-0.04566429395287499
282,test,0.007218481731493524,14.116267257921994,0.6317043852945908,-0.04312741179916902
283,test,0.0030429006308938735,14.156305214784041,0.6300479689972397,-0.038938096174481164
284,test,0.012314319579925062,14.196049660267855,0.6285913806005068,-0.03452110509412309
285,test,0.0025606853273270704,14.236098372284303,0.6273109614656326,-0.028891377170808513
286,test,0.007519291083947066,14.275979073597439,0.6262913857873762,-0.02293450512552885
287,test,0.007519291083947066,14.315875935830123,0.6254682983585933,-0.018909242390780227
288,test,0.002948774544529315,14.35600433204997,0.6247667725970472,-0.016037218708837328
289,test,0.012620650818343224,14.395801500645412,0.6241710561998387,-0.014799783207606727
290,test,0.005872660070630513,14.435845583961415,0.6235903285686353,-0.014677950058642511
291,test,0.008070092468931277,14.47584936211495,0.6230200840491015,-0.013396201539670876
292,test,0.008214850872566576,14.515716054505443,0.6225463051479305,-0.010375784197448293
293,test,0.005543217425659409,14.555840744491066,0.6221941608443218,-0.0069311257801131215
294,test,0.014700895378791198,14.595687250939854,0.6219795376553341,-0.004292448793334748
295,test,0.012438557748850254,14.635675468958375,0.6218526073550721,-0.0024172371453768755
296,test,0.022486570529827894,14.675761174260149,0.6217889220871611,-0.0004407891573467107
297,test,0.022486570529827894,14.715579474870918,0.621820384656224,0.0018850880836228901
298,test,0.020622888462571563,14.755676096450468,0.6219491786661783,0.004587574089489287
299,test,0.019507747762904454,14.795591977117233,0.6221769611090691,0.006857673696215045
300,test,0.017001696238990657,14.83552474992543,0.6224968088885428,0.008973432423256189
301,test,0.019196814873983902,14.875670200660922,0.6228884534063422,0.011220188552013788
302,test,0.016711462004463946,14.915466071627248,0.6233943471802011,0.013757258517989127
303,test,0.02007273827225505,14.955510215921477,0.6239994888154058,0.016743453058108725
304,test,0.016093177518894254,14.995494187657545,0.6247341878092241,0.020545439350819407
305,test,0.016443567029644907,15.035349619436099,0.6256283925577554,0.024178641579030803
306,test,0.01719269797394315,15.075472890274206,0.6266585707544016,0.02733147853010463
307,test,0.01719269797394315,15.115276073210433,0.6278080837310017,0.03006344854735882
308,test,0.014664591551998988,15.155260113385467,0.6290420002762341,0.031064337953400193
309,test,0.018886428587272047,15.195336072961307,0.6302827256015106,0.031026556411102486
310,test,0.015371605255365182,15.235161841477003,0.6315087302803853,0.029991461970882382
311,test,0.01574029618191646,15.27527761585728,0.6326818331158757,0.028267346754450872
312,test,0.016191950702962952,15.315187734000359,0.63377547555399,0.02668303310683324
313,test,0.014319204993232379,15.355139243631793,0.6348068964351481,0.02473544100458145
314,test,0.014008660896828697,15.395305136311702,0.6357525257318727,0.023110826626361457
315,test,0.016132013320996997,15.435106274242521,0.6366616740442236,0.02196493585729796
316,test,0.016889481263797218,15.475178372562308,0.6375199599294626,0.02068313439925388
317,test,0.01559695134112676,15.51516641945559,0.6383248139890595,0.020210218753397437
318,test,0.019008201968297753,15.55506613497074,0.6391205796129141,0.019529122196109704
319,test,0.015847392570380564,15.595220162467152,0.6398909390721526,0.01903544559488906
320,test,0.017357407143611968,15.635055560331592,0.6406545706545786,0.019152417963571856
321,test,0.01805268218461928,15.675072030871613,0.6414182067693464,0.01876338512577448
322,test,0.02314261421177406,15.715129022251018,0.6421570063088301,0.019067115115136195
323,test,0.0233569959001687,15.754987394786568,0.6429209316945266,0.019002450066187105
324,test,0.02118864618702864,15.795112213205176,0.6436830290679036,0.018852007161035668
325,test,0.023262542761871362,15.835004023996422,0.6444368020999478,0.01926587859882813
326,test,0.02672752941235396,15.874965140850932,0.6452090128085384,0.019085001356172394
327,test,0.021976282352753687,15.91511185572135,0.6459549521496888,0.019145062010827597
328,test,0.022853349234856345,15.954910811529102,0.6467373317561899,0.019421026463039087
329,test,0.02224511435090557,15.99498954773613,0.6475181567728053,0.019286214942330893
330,test,0.02389853894268696,16.03496063694485,0.648281943019389,0.019430953080737685
331,test,0.022557382069019017,16.07487147352447,0.6490503752748579,0.018795580432687264
332,test,0.018764004171939175,16.115030461659295,0.6497859348114619,0.01809516082119007
333,test,0.02556806359902406,16.15486039526683,0.6505080670763712,0.017899609646482885
334,test,0.024653583224758985,16.19489125934972,0.6512142254294065,0.017117160631110555
335,test,0.022211171593481193,16.23494193673879,0.6518778728969346,0.01687103769513746
336,test,0.02235313276869782,16.27481412987096,0.6525388974246202,0.016006926451748543
337,test,0.025516617426621493,16.314953621004403,0.6531647960878063,0.015100120429009153
338,test,0.02600164302971142,16.354840695262066,0.6537583582399623,0.014892956734863192
339,test,0.023687876414381963,16.394820494218404,0.6543408498637474,0.013939021307187013
340,test,0.0255685481230359,16.43495181771903,0.6548659538040371,0.01351211619680319
341,test,0.028887793081783283,16.474780499447164,0.6554032398317625,0.012766538569316269
342,test,0.027847947355090132,16.514880172153013,0.6558975083259583,0.01165504459091076
343,test,0.028897577338237664,16.5548469409918,0.6563449671871746,0.011140809256984508
344,test,0.028897577338237664,16.594778902083203,0.6567658115798751,0.009656459487233258
345,test,0.029485471032535366,16.634945108087887,0.6571162109554173,0.008274621840742513
346,test,0.03015540282494141,16.674785903978265,0.6574399734458414,0.0073463106413012794
347,test,0.030221719830530767,16.714838953741626,0.6577035121427467,0.005550894789404176
348,test,0.02697944840226839,16.75489416845175,0.6578930813533422,0.004344632692838956
349,test,0.03331961568770134,16.79478762456397,0.6580229319566625,0.0019123595135617738
350,test,0.03152196296486423,16.834950641364426,0.6580427304001837,-0.0010158131071010712
351,test,0.030203003497698975,16.87484956866088,0.6579570374146623,-0.0035996846460846373
352,test,0.0312828853891236,16.914862650867885,0.6577398157628319,-0.007641711431825343
353,test,0.033958430300948986,16.954972890821516,0.6573423741941704,-0.011509862570869039
354,test,0.03263452321715454,16.99485266113796,0.6567960258269979,-0.016403830533229864
355,test,0.030433024673669432,17.034985020837425,0.6560347119617728,-0.021756978572701507
356,test,0.03254438808293135,17.074930307469213,0.6550744682904234,-0.026752156100685535
357,test,0.03254438808293135,17.11487050690768,0.653907541483579,-0.03169318300859298
358,test,0.028845802258694486,17.15500177439926,0.6525592521950496,-0.035115743595975794
359,test,0.028442797970431234,17.19477052878398,0.6511129290801576,-0.03793927827651173
360,test,0.030104313747933997,17.234796775689357,0.6495647039979753,-0.039257959248949446
361,test,0.029733718098277434,17.274752561581437,0.648009923348797,-0.038801996846169896
362,test,0.030540995531990876,17.314591489845537,0.6464740859950224,-0.03838453145656742
363,test,0.027738600460173696,17.35468315452867,0.6449573784128548,-0.03708930510362376
364,test,0.029648347898736955,17.39447541060047,0.6435279970784278,-0.035599345372671086
365,test,0.028266752572733343,17.434444925364446,0.6421290433870642,-0.0346525702506446
366,test,0.027944790584328597,17.474488103534185,0.6407748935984207,-0.032937731420749745
367,test,0.030113024023650764,17.514266065233027,0.6394861864036575,-0.03196108403672343
368,test,0.027470905669255592,17.554343797196672,0.63823407793754,-0.03050096412440221
369,test,0.02986840601517664,17.594201894039898,0.6370693293460743,-0.028718300228986898
370,test,0.0296374543948817,17.634123890951425,0.6359569218676342,-0.0271871131842253
371,test,0.02966748937382621,17.674229118727016,0.6349044646546464,-0.024873847789191907
372,test,0.032586464832626776,17.71399223569513,0.6339687183092828,-0.02285856807009874
373,test,0.031855359991659914,17.754034825409718,0.6331007548154991,-0.02039557474094294
374,test,0.03410682200244801,17.793981638515703,0.6323527335439001,-0.01739360899909135
375,test,0.03410682200244801,17.83386103150654,0.631721855844563,-0.014592409418834851
376,test,0.03559994025968663,17.873987274679603,0.6311882538074401,-0.01171164024119185
377,test,0.037331793598612724,17.91380652861152,0.6307862016933145,-0.00917380687121562
378,test,0.0372231512850808,17.953805941108207,0.6304713639758683,-0.006627128626854525
379,test,0.039850505525757474,17.99385951778999,0.6302631006178724,-0.003701017109698865
380,test,0.04002881382602323,18.033691059944363,0.6301750855327093,-0.0010249651449699125
381,test,0.043326825836222785,18.07379937221913,0.6301856519911148,0.0016760887604614788
382,test,0.043326825836222785,18.11369071632598,0.6303031719308045,0.004075734142811979
383,test,0.04292718091740897,18.153639478338036,0.6305154063721115,0.0063177255192488615
384,test,0.044720972364193395,18.19377239748145,0.6308035030991288,0.008531413722587549
385,test,0.04387804819180167,18.233569287448443,0.6311941268308742,0.010759864758283824
386,test,0.04396595152806145,18.27363490861781,0.6316680196933016,0.012847696131452577
387,test,0.04293944136991228,18.31360529393016,0.6322216197597572,0.015291147552510652
388,test,0.04333904357664103,18.35349720202611,0.63287006982074,0.016862157196204222
389,test,0.04066156222225351,18.393642832330524,0.6335638649211554,0.01784384895152688
390,test,0.03924839451423386,18.433471076661537,0.6342961869312749,0.018514993227365915
391,test,0.03967352512275516,18.47349488417194,0.6350288655248242,0.017589430600971675
392,test,0.037254378038122565,18.51356146559775,0.6356968851970647,0.01650220527199035
393,test,0.037270264082988155,18.553437538415675,0.6363164428837583,0.014223031127578745
394,test,0.037270264082988155,18.593586390444386,0.6368369942304469,0.011533088041486788
395,test,0.03619824583656201,18.633501182470244,0.6372530292366819,0.009539477677823332
396,test,0.006155816576495337,18.673483630731965,0.6375882899428783,0.00710123026914442
397,test,0.0069192742913164575,18.713620576576528,0.6378261546487006,0.005848717268462965
398,test,0.012111811145992185,18.753463884841203,0.6380528490041442,0.0051046916115252096
399,test,0.008359083302175664,18.793554754770675,0.6382482611298407,0.004547215764442248
400,test,0.013722607115049676,18.833519483148635,0.6384327650496054,0.0048929776828059
401,test,0.01180279552386581,18.87343761690507,0.6386352555196964,0.005099548932413831
402,test,0.013503743090007214,18.91358741471441,0.6388455200416665,0.005856963394673891
403,test,0.017263438314905528,18.95340821199395,0.6391086606852076,0.006949093966959005
404,test,0.018496966433918915,18.993440487039596,0.639407885783333,0.007830827422195322
405,test,0.018496966433918915,19.03347350098352,0.6397417210525382,0.009223263118284288
406,test,0.015318538967414794,19.07333766177904,0.6401322897570655,0.010168903206033966
407,test,0.015318538967414794,19.113468578385195,0.6405594856430993,0.011182765753206453
408,test,0.018048926238203006,19.153340756798098,0.6410345098495579,0.01248128280849782
409,test,0.014723201348803163,19.19332264630527,0.6415375087926602,0.01211588156959973
410,test,0.016910330584815413,19.233447384159604,0.6419879825360247,0.011285219409732393
411,test,0.014568802063203636,19.273296756402925,0.6424055898922914,0.008916270424089262
412,test,0.012323554924703184,19.31341594626248,0.6427042278714348,0.0056779948636061705
413,test,0.014910881127756763,19.353397134735506,0.6428747204956453,0.0029927133893803597
414,test,0.008427029028047699,19.393349107162795,0.64291855937182,-0.001072279803019512
415,test,0.01117502522774031,19.43352360243798,0.6427878173738013,-0.00472040022457703
416,test,0.00835113842352798,19.47337753919794,0.6425509016951784,-0.007767868240789006
417,test,0.007210162841255215,19.513448528871535,0.6421656515323182,-0.011850801662166158
418,test,0.012300916567521247,19.553485854592964,0.6416139046804069,-0.015759625232628676
419,test,0.0066172696931168775,19.59339045295204,0.6408874162883416,-0.020820787926657737
420,test,0.011613353787445452,19.633549614653813,0.6399501153682167,-0.025754917328066965
421,test,0.009606112252843463,19.67336403351616,0.638856357488897,-0.029533343339041333
422,test,0.010361245497650199,19.713347967234657,0.6376235245089199,-0.0322889738337657
423,test,0.015460573008123778,19.753448709040796,0.6362656352458264,-0.03614885906702946
424,test,0.012720503230191804,19.79325497353994,0.6346931766494833,-0.043793687538013944
425,test,0.017571827885706878,19.833376708979944,0.6327400399051092,-0.05390671631966268
426,test,0.01832403631524356,19.873236918393236,0.630412178214251,-0.06344160635728692
427,test,0.021001047495554828,19.91313494458899,0.6277083782318079,-0.07145479851193268
428,test,0.02641485765503802,19.953136667557512,0.6247438493431786,-0.07564241279339362
429,test,0.027954364737873206,19.992751168229216,0.6217132406057189,-0.07678442481462187
430,test,0.03317300632708209,20.032670207781084,0.618676794912834,-0.07472256977364693
431,test,0.039488088837598405,20.072524267273234,0.6157781329562082,-0.07085931848496665
432,test,0.039488088837598405,20.11226258509286,0.6129622173815085,-0.07190427059014931
433,test,0.04315991661940024,20.152273615591774,0.6100279302871384,-0.07470134184041714
434,test,0.04482598353673816,20.192000121959918,0.6070296225901423,-0.0765914648163808
435,test,0.04902874851989361,20.231892009283406,0.6039318189122665,-0.0788432699522482
436,test,0.0512534711140363,20.27181861484445,0.6007557881429073,-0.07962415412984362
437,test,0.05499161539153744,20.311479436441378,0.597574709871412,-0.08044120661827002
438,test,0.058864213390166814,20.35142850876872,0.5943809870211871,-0.07860429695995705
439,test,0.06146988116981992,20.39113447723657,0.5913599610847978,-0.07375739107681986
440,test,0.06291967565262709,20.43094732821898,0.5885270797262503,-0.06809791247211025
441,test,0.06302012099980024,20.470917374450607,0.5859381481508881,-0.06042216362530055
442,test,0.06356026516242962,20.510562647268905,0.5837175322186006,-0.05164718811095398
443,test,0.06422709634698234,20.5505248296916,0.5818430585846777,-0.04172956774533838
444,test,0.06155077993141971,20.590393965398587,0.5803631685112451,-0.034251229818303856
445,test,0.0587626192115801,20.630262686246468,0.5790601594199731,-0.032574356251336964
446,test,0.05589778508779341,20.670383256108053,0.5777468895816764,-0.03319159495587661
447,test,0.05077895868934934,20.71015500304294,0.5764256138711784,-0.03362380396246235
448,test,0.048724000902974345,20.750137585423143,0.5751069347515614,-0.03170580762863269
449,test,0.04467459562031279,20.790176186328715,0.573895029857474,-0.029414665915926532
450,test,0.042630845167880266,20.829989162122196,0.572704328917385,-0.03160945864924026
451,test,0.04116954587850207,20.87012343271885,0.5713374289950024,-0.037313268684672614
452,test,0.039637632917795214,20.910003324902227,0.569751113756575,-0.042380519381023274
453,test,0.042019550961278365,20.949923404773163,0.5680211481918417,-0.04273312723625767
454,test,0.04140256646592001,20.989976361661686,0.5663796302783082,-0.038023194001246194
455,test,0.042312673718533124,21.029730333101995,0.5649626228524007,-0.03456403943034807
456,test,0.04214640229488448,21.069770777284575,0.5636307170545696,-0.03177176210194332
457,test,0.04477002980796576,21.109672120329115,0.5624558352959526,-0.02709412876469846
458,test,0.04332360205586921,21.149552167849816,0.561455081135281,-0.024430476326179364
459,test,0.04384042885025737,21.189678639834824,0.5604960741750676,-0.023407495206219552
460,test,0.04247951980237182,21.22948440766132,0.559586817478525,-0.022983614342078924
461,test,0.04332692749875824,21.269517146324684,0.5586381441664432,-0.02588065490364112
462,test,0.04516654908695603,21.309586518176214,0.5575035673489409,-0.0314624447333675
463,test,0.045133462996683665,21.349438574530613,0.5561372350243593,-0.036622209033452396
464,test,0.046575592670157165,21.389554393220926,0.5545908929930603,-0.04039197562508614
465,test,0.0479006962115411,21.42940970191666,0.5529140403696232,-0.04490098168866292
466,test,0.04950422903038796,21.469364309995274,0.551011697345441,-0.050442343449947566
467,test,0.0514405406783072,21.50942799135971,0.5489107378197559,-0.053603738455647344
468,test,0.052401372221291584,21.549152658496546,0.5467488659145457,-0.05490234099946471
469,test,0.054862159540606095,21.589166742308347,0.544569873990569,-0.053445483155281526
470,test,0.05477371539734504,21.629005375380586,0.5425233123454121,-0.04945096244128601
471,test,0.054935133246718566,21.668858489366738,0.5406427675660771,-0.044965807186151736
472,test,0.05561087888460625,21.70893396483828,0.5389324398984088,-0.039928627012685174
473,test,0.05270234712621162,21.748669864345608,0.5374581314617475,-0.03500868227916722
474,test,0.051011442419949635,21.78865610788473,0.5361633465057674,-0.029290227437002797
475,test,0.04930157748702945,21.828624011143976,0.535128609732489,-0.022489502045082967
476,test,0.04539972614731425,21.868445872616647,0.5343626232652593,-0.01646370186693231
477,test,0.044700867724755046,21.90855513589063,0.533807637388854,-0.010823300601042746
478,test,0.04195073280424469,21.948381291859864,0.5334940235987495,-0.005132923852838952
479,test,0.04461705602559048,21.988329923467838,0.5334117892723061,0.0011500315652143392
480,test,0.04461705602559048,22.02842244656193,0.5335759935825682,0.007591825584199917
481,test,0.045384841345598295,22.06819197494459,0.5340201431744671,0.014677832008533792
482,test,0.05101131324063456,22.10824900557199,0.5347515104589257,0.022219851219592676
483,test,0.061731402290244174,22.148139857301917,0.5357786068476038,0.029810177312972103
484,test,0.061731402290244174,22.18798831126885,0.5371401094475412,0.038367051617954194
485,test,0.06563366149962065,22.228071534657648,0.5388440610326468,0.0480807186483668
486,test,0.07200872333703381,22.26773317093206,0.5409784793195651,0.059562663114107704
487,test,0.07223504478171917,22.307630204984527,0.5435731981686847,0.06982297879924666
488,test,0.07183430099923735,22.347576626064875,0.5464919013266208,0.07436144039408402
489,test,0.06965538885479117,22.387329246972897,0.5494672315142735,0.07341244694079922
490,test,0.06933239161573457,22.427381915505016,0.5523491375702949,0.06997041616079863
491,test,0.0771426105398785,22.46717681746028,0.5550770883047658,0.06719639761192087
492,test,0.0810499000776147,22.507086301022085,0.5577397796576952,0.06601710496272285
493,test,0.08462418626219141,22.547116101800867,0.5603583225646377,0.06434551628512095
494,test,0.0897937178797647,22.586847007591096,0.5629100790807595,0.06324995925510021
495,test,0.0891472614433979,22.626882714452886,0.5654154473921509,0.061457769435829285
496,test,0.0908007671630791,22.66674775362347,0.5678259614559588,0.05926191239876907
497,test,0.09501226577624929,22.706626860157776,0.5701624915771254,0.057634117765506504
498,test,0.09749982820386352,22.746736046353618,0.5724366701980428,0.055523516240302856
499,test,0.0983776316246947,22.786494271249328,0.5746083681989395,0.05317680419462181
500,test,0.10173238232499884,22.82651732468899,0.5766882119078893,0.05035614803385277
501,test,0.09768404858864835,22.866503683650375,0.5786352091716983,0.047064887619815046
502,test,0.09542136869221454,22.90637115972404,0.5804597286842663,0.04445094444696151
503,test,0.09620499399530698,22.946495458980504,0.5822063363273202,0.042790882293413456
504,test,0.09606395581353085,22.986322009896934,0.5839010429548503,0.0423480583766241
505,test,0.0936967785706298,23.026291383447628,0.5856037139249739,0.04284550519818017
506,test,0.08964983537405115,23.066349090257294,0.587332980759877,0.04371373336459619
507,test,0.09214688254965483,23.106133931403324,0.5891055558264484,0.04486209826855626
508,test,0.09068428063536464,23.146207409476638,0.5909204360121176,0.045490487292976126
509,test,0.08771588096607251,23.186077068907665,0.5927419235348127,0.0458053487970065
510,test,0.0869821058195693,23.22598660534784,0.5945811380176946,0.046070749418795846
511,test,0.08975705688905326,23.266104794320075,0.5964310888813574,0.04647060453043684
512,test,0.08722844154806648,23.30585065468291,0.5983120861674699,0.04786473278701489
513,test,0.08449484742058304,23.345865708283004,0.6002641303176078,0.04967056292021083
514,test,0.08385951115841178,23.385788930839738,0.6022818057410199,0.05156632867523971
515,test,0.08536430782682343,23.425622785015044,0.6043852530777771,0.05367441660164409
516,test,0.08135607149169966,23.465705153083473,0.6065704456429362,0.05513958682091626
517,test,0.07875145911032003,23.505470937037302,0.6087918258651125,0.05625780529054092
518,test,0.07839628457274825,23.545420370788236,0.6110653098706428,0.05718127777011954
519,test,0.07705058746376985,23.585426343818842,0.6133672157053397,0.057745395061966805
520,test,0.07406353070941724,23.625191539945625,0.6156913696581148,0.05851010318300053
521,test,0.06936168415738449,23.66524871089008,0.6180360936971856,0.05801942830304791
522,test,0.06936168415738449,23.705081261840046,0.6203227488382147,0.05632806403116715
523,test,0.07057088034066543,23.744997788795093,0.6225277655099297,0.053474172630844564
524,test,0.06702666508897542,23.785134240291402,0.624591780227067,0.04920413748119014
525,test,0.0614245379794756,23.824916505766478,0.6264696464538468,0.044721936720235125
526,test,0.05851630902157964,23.86499900180523,0.6281674630114373,0.03956344826831508
527,test,0.057040597635131016,23.904985399376102,0.6296397701940636,0.034450405691550744
528,test,0.05564707115623076,23.94490256432379,0.6309173767619727,0.029453407535966838
529,test,0.05175351589336195,23.985092471214568,0.6319918051205888,0.024074926179068784
530,test,0.04512157152088092,24.02495161422205,0.6328534044149279,0.019012691959915406
531,test,0.04082252785513396,24.065007526056693,0.6335155765747404,0.013967192681041015
532,test,0.04082252785513396,24.10509717410393,0.6339823790720631,0.010198526441137914
533,test,0.03936287046469392,24.144984341766666,0.6343209530438025,0.007031415660110798
534,test,0.03776685540515195,24.18513255352627,0.6345610912777574,0.005150926021397207
535,test,0.03472090487253362,24.225024833359942,0.6347607028494637,0.00510370706084257
536,test,0.03504858045013398,24.265002592557078,0.6349716170755894,0.0054719787355753885
537,test,0.031513689178393735,24.30511719418602,0.6352040748365446,0.006610088664655967
538,test,0.03146635692830216,24.344939143583424,0.6354916021147731,0.0073197980061806825
539,test,0.029222547198034812,24.385031422532066,0.6357953795683597,0.007701809575095597
540,test,0.03085279959148115,24.424975641528867,0.6361227540209252,0.009148530971828404
541,test,0.027398861797410197,24.464886428142595,0.6365313916362092,0.011383414633262026
542,test,0.027709076456912993,24.505018508707234,0.6370475127476035,0.015247864153831784
543,test,0.025336625262918543,24.544803390158773,0.6377509062655071,0.0202416783418748
544,test,0.023807666431084572,24.584805588251506,0.6386769606897719,0.026431483272978864
545,test,0.025001222342365088,24.624774828293035,0.6398594346177381,0.03363606673914907
546,test,0.019316255723360758,24.66455273913601,0.6413654333372043,0.04218112458308261
547,test,0.01838913707112208,24.704601197318937,0.6432365469751847,0.05236733656685129
548,test,0.014189112890547305,24.744327000837334,0.6455376002624467,0.0637674606829011
549,test,0.01048827779247296,24.78412284784992,0.6483295184708262,0.07655042443434568
550,test,0.01048827779247296,24.824021224473142,0.6516417051383263,0.0898377244984574
551,test,0.012012249087229282,24.863519202595953,0.6555101922064015,0.10508223116320597
552,test,0.0019780354315393498,24.90324766683364,0.6600054052682333,0.12020425662268912
553,test,0.010409186204919315,24.942779948881554,0.6650312737610007,0.13235566231392543
554,test,0.007297738609432458,24.982217015911374,0.670542486044655,0.14512423587123116
555,test,0.011389614304888945,25.021731254506737,0.6765576430887527,0.1565626033526165
556,test,0.016697680185942865,25.061014856854907,0.6829948495307402,0.16842148498508358
557,test,0.01857029093699083,25.100330327122983,0.6899356387686625,0.1806900218965247
558,test,0.026164638586093525,25.139565732541904,0.6972881111577043,0.18940367077904896
559,test,0.0363784822799921,25.178638211153935,0.7049930858753417,0.19993235130873913
560,test,0.03993988663536117,25.21770765293934,0.7131312201727483,0.21014743302833874
561,test,0.03993988663536117,25.25672528794517,0.7216566466640059,0.22051888702616906
562,test,0.03523319922346462,25.295524840804486,0.7306422925307551,0.23451714260614548
563,test,0.03058616773083947,25.334231482116902,0.7401324698840075,0.24599978354448518
564,test,0.029342721751437102,25.372882712336377,0.7500875840328524,0.2588289659111357
565,test,0.0238082303594138,25.411266401198894,0.7605605605458277,0.27347836927675245
566,test,0.03872977317695779,25.449584129554488,0.7716547974351725,0.29185766297340443
567,test,0.04570949304790503,25.487635697847374,0.783596126519105,0.3183920529365756
568,test,0.05707522052376096,25.52503985374325,0.7965621831322975,0.3503141219936123
569,test,0.06821955101042187,25.56224385177943,0.8108888268875376,0.38536602733449477
570,test,0.06992844270962673,25.598679002324985,0.8263578995130936,0.41612178570833147
571,test,0.06704039745509381,25.634875016075583,0.842709011060725,0.42866268494384246
572,test,0.06221786676070035,25.67123146544168,0.8595239536229844,0.4374500445371815
573,test,0.05981598249508929,25.70716427588599,0.8765217226479143,0.4454696456613758
574,test,0.05539605506839907,25.743231241368125,0.8939070013524258,0.4532600002495961
575,test,0.05051327646021658,25.77899198037595,0.9114915233810956,0.46116189946141195
576,test,0.04756793288932582,25.814588894434706,0.9294003972853642,0.47110223423456643
577,test,0.04073008686614488,25.850152380978905,0.947737356037843,0.48165739942572866
578,test,0.034548888667969804,25.88528812041522,0.9664107230200637,0.4963144276345055
579,test,0.02797983532649292,25.920193827907294,0.9857152097645506,0.5145395867090468
580,test,0.01797180500965383,25.95471161059548,1.005637167528048,0.5324961300006488
581,test,0.002566867272080364,25.988715626202087,1.0261847672980748,0.5551126789515304
582,test,0.002566867272080364,26.022258848593694,1.0475429893266748,0.5785194529981467
583,test,0.01136353678815604,26.055311213107167,1.0697484416477359,0.6065928404061887
584,test,0.017198158253158412,26.0874362667617,1.0928927421068593,0.6460016057578472
585,test,0.02919101119060054,26.118263494215714,1.117433148806436,0.7011022093605447
586,test,0.04091681324986185,26.14779134450846,1.1439005773332498,0.7614612962144833
587,test,0.06820261012690365,26.175474455377113,1.1718642013466287,0.8183641294764775
588,test,0.07729438743334052,26.201564103743426,1.2014606699712627,0.8817570710771927
589,test,0.08931085826931676,26.225810798450834,1.2326996418657987,0.9343735023240165
590,test,0.08931085826931676,26.248591922854114,1.265085211556262,0.9816848025460028
591,test,0.10226936783703243,26.269695626039322,1.298354083504489,1.0291153935769155
592,test,0.11884978913754893,26.289233576917383,1.3327972602579232,1.0830678030878775
593,test,0.13229583076930307,26.306812583545184,1.3682902298864765,1.1388281426047462
594,test,0.13969680704583817,26.322493356162365,1.4045206060004292,1.1804593431970551
595,test,0.14619438767429999,26.337221620050766,1.4416348525114673,1.2007862416025927
596,test,0.15330008813262466,26.351435560284393,1.478842666820804,1.2096029435414606
597,test,0.16196760028311324,26.365417490711728,1.5162611610137615,1.2163241248414454
598,test,0.18285736399489966,26.379210244091205,1.553765028880993,1.2194315070344672
599,test,0.18285736399489966,26.392852697462747,1.5912230840311283,1.2234371441480654
600,test,0.19416521740683973,26.406403709293198,1.6288845922142092,1.2267249459310856
601,test,0.21736989965886316,26.419837714977675,1.6664413377074692,1.227895294482739
602,test,0.2262814219641601,26.433207327490738,1.704066284836351,1.23046610122849
603,test,0.2262814219641601,26.446527960653853,1.741746903402675,1.2302632626749033
604,test,0.23603794067380562,26.459855371530033,1.7793616190776282,1.2301230638666714
605,test,0.2492390077022287,26.473224436872577,1.817091501175779,1.2299903008650648
606,test,0.26245065220153974,26.486610837646896,1.8547155352519384,1.2276082018043366
607,test,0.2907955901880502,26.50003681484433,1.8923004967600712,1.2275432797491581
608,test,0.2907955901880502,26.513496042572097,1.9299524382031736,1.2264480937260935
609,test,0.3207432062713033,26.526980383117298,1.9675333466993417,1.2263582419244778
610,test,0.3207432062713033,26.54044047529054,2.0051817275218524,1.2287407387541882
611,test,0.3366549966743824,26.553802177333857,2.0428089245867187,1.229933399872078
612,test,0.3527792853506359,26.567065899891436,2.0804192865961744,1.233663849102745
613,test,0.38785207911001035,26.5802009218115,2.118184440926074,1.238147825367137
614,test,0.4068176327873473,26.593145939581984,2.1559239086764115,1.243162808240226
615,test,0.4260225773589,26.60582454052325,2.193746552535551,1.2518402690323025
616,test,0.4260225773589,26.618181622025226,2.231657832708027,1.258906795017441
617,test,0.4455109812165797,26.63025726433261,2.2696837759340234,1.2680750155526894
618,test,0.4651205349105857,26.64193144757539,2.3078417490553447,1.2795111320475545
619,test,0.485128692620068,26.65320200267311,2.3460787864742025,1.2889322207269263
620,test,0.5255728975437612,26.664073364303515,2.3844565729550444,1.3007291026486738
621,test,0.5255728975437612,26.67447923510286,2.422869470070947,1.3108053148911827
622,test,0.5460274864719004,26.684573771028344,2.4615576778776878,1.3199504265332738
623,test,0.5669142102671075,26.69426311901176,2.500224917384949,1.3297310996122207
624,test,0.5879611998537135,26.703647425132544,2.5389382579932884,1.3362547880573492
625,test,0.6093317854000911,26.712804677291697,2.577881407487919,1.3436671734166388
626,test,0.6305617569671083,26.721623717175333,2.6166844626085215,1.3495976919346646
627,test,0.6521115114770183,26.730309632402303,2.6557405603363406,1.354418977987378
628,test,0.6956842462283236,26.738756128331676,2.6947799561421872,1.3607613710747535
629,test,0.6956842462283236,26.74696521906166,2.7337128690226185,1.3654222540250012
630,test,0.7175194502045159,26.75502220677763,2.7729612117574103,1.3718042872449463
631,test,0.740002938319591,26.7627275676867,2.8119829030609944,1.3787820912401636
632,test,0.7634608183497354,26.770232063882233,2.8512307470846476,1.3850489243826312
633,test,0.7865949651492615,26.777479605080917,2.8905888546000744,1.3927279473961225
634,test,0.8094952239714404,26.784380632469695,2.9297390937598435,1.3999630343249858
635,test,0.833060983702518,26.79103014011479,2.969243732969972,1.4090557526932408
636,test,0.8814542993964549,26.79722387375389,3.0085903256459714,1.4198516807668693
637,test,0.9034169953380735,26.803010414564778,3.048038945282786,1.4303918628249126
638,test,0.9034169953380735,26.80841583919951,3.0877749468426963,1.4420644325961103
639,test,0.925749913453141,26.81326720115112,3.1271891580674414,1.4543367735852484
640,test,0.9476950067224704,26.8176775245619,3.1669391647681104,1.4663709287923417
641,test,0.9919498265821889,26.821603643294836,3.206682921350304,1.4793339395235854
642,test,0.9919498265821889,26.824912348646468,3.246302766257761,1.4963307229646705
643,test,0.04907535842868254,26.827509327573093,3.286227313709921,1.5166242436021193
644,test,0.044418277515150394,26.82926134167101,3.325899210307484,1.5365547672151671
645,test,0.041144050063009,26.83022427985596,3.365742016055146,1.5563654693623057
646,test,0.06117392731071385,26.830452531409616,3.405625900043086,1.572948584604241
647,test,0.06117392731071385,26.8300323058121,3.445429828395653,1.5887179336239723
648,test,0.04783643706141376,26.82912346762412,3.4854358053502783,1.5951593233373735
649,test,0.0422071198275218,26.828707836760227,3.523140699811549,1.598161414218688
650,test,0.0422071198275218,26.830299841577652,3.532207533830606,1.7448018656790316
651,test,0.04558763966556131,26.831888513412615,3.5349876544810876,1.788401679545696
652,test,0.046474684755506555,26.831415245421425,3.536997776042125,1.8268630560372756
653,test,0.047120023595097066,26.831145885622593,3.539003688903636,1.8660291368942006
654,test,0.04774589903359464,26.83110213435275,3.539140628412302,1.868947264340101
655,test,0.04774589903359464,26.83024683941325,3.541864132988528,1.928797585748533
656,test,0.04840164928251811,26.83028949802967,3.5421612542895557,1.934570331579871
657,test,0.04874556191873843,26.829967190010418,3.54303918846541,1.9554924817441488
658,test,0.04874556191873843,26.829305779171673,3.545236872535893,2.0094760246318772
659,test,0.04941032196659574,26.829286003895522,3.5451866450497542,2.008575697693755
660,test,0.0494586953586125,26.828911477784224,3.5460408580085585,2.0320484476121803
661,test,0.0499271267169093,26.828841309945084,3.5465028529027336,2.0435484305021854
662,test,0.05016336342089796,26.828836625515443,3.546515721357435,2.043932852190116
663,test,0.05010821275627991,26.828817180719412,3.546549362746974,2.0449593806604445
664,test,0.05002837660735603,26.828002852688932,3.54809315745752,2.0927054543164108
665,test,0.050522177814032156,26.827985457983274,3.5481548347000444,2.094499992621796
666,test,0.05040433645596891,26.82796952609459,3.548231560338268,2.096641063142321
667,test,0.05036627265649327,26.827916499747225,3.5485155602092258,2.1045434058844505
668,test,0.04959064143947695,26.827899867023927,3.548517193579696,2.104849302237381
669,test,0.049484341336253804,26.827898090165842,3.5484404754358208,2.10293189298068
670,test,0.049484341336253804,26.827578159362663,3.549008172227701,2.1223273149503763
671,test,0.04355445740981966,26.873952503375484,3.557711041604559,1.982908366881726
672,test,0.04355445740981966,26.88312939624393,3.5632464871455087,1.943450837836955
673,test,0.07428934406507061,26.882265917773108,3.565694011662609,1.9691548018760807
674,test,0.08184958312848903,26.880607369493966,3.569417006350348,2.0105102471587837
675,test,0.08184958312848903,26.87753625918052,3.5755875367835563,2.0833563421431283
